pathway_name,Ligand,Receptor,agonist,antagonist,co_A_receptor,co_I_receptor
TGFb,TGFB1,TGFbR1_R2,TGFb agonist,TGFb antagonist,,TGFb inhibition receptor
TGFb,TGFB2,TGFbR1_R2,TGFb agonist,TGFb antagonist,,TGFb inhibition receptor
TGFb,TGFB3,TGFbR1_R2,TGFb agonist,TGFb antagonist,,TGFb inhibition receptor
TGFb,TGFB1,ACVR1B_TGFbR2,TGFb agonist,TGFb antagonist,,TGFb inhibition receptor
TGFb,TGFB1,ACVR1C_TGFbR2,TGFb agonist,TGFb antagonist,,TGFb inhibition receptor
TGFb,TGFB2,ACVR1B_TGFbR2,TGFb agonist,TGFb antagonist,,TGFb inhibition receptor
TGFb,TGFB2,ACVR1C_TGFbR2,TGFb agonist,TGFb antagonist,,TGFb inhibition receptor
TGFb,TGFB3,ACVR1B_TGFbR2,TGFb agonist,TGFb antagonist,,TGFb inhibition receptor
TGFb,TGFB3,ACVR1C_TGFbR2,TGFb agonist,TGFb antagonist,,TGFb inhibition receptor
TGFb,TGFB1,ACVR1_TGFbR,,,,
TGFb,TGFB2,ACVR1_TGFbR,,,,
TGFb,TGFB3,ACVR1_TGFbR,,,,
BMP,BMP2,BMPR1A_ACVR2A,,BMP antagonist,,BMP inhibition receptor
BMP,BMP2,BMPR1A_ACVR2B,,BMP antagonist,,BMP inhibition receptor
BMP,BMP2,BMPR1A_BMPR2,,BMP antagonist,,BMP inhibition receptor
BMP,BMP2,BMPR1B_ACVR2A,,BMP antagonist,,BMP inhibition receptor
BMP,BMP2,BMPR1B_ACVR2B,,BMP antagonist,,BMP inhibition receptor
BMP,BMP2,BMPR1B_BMPR2,,BMP antagonist,,BMP inhibition receptor
BMP,BMP4,BMPR1A_ACVR2A,,BMP antagonist,,BMP inhibition receptor
BMP,BMP4,BMPR1A_ACVR2B,,BMP antagonist,,BMP inhibition receptor
BMP,BMP4,BMPR1A_BMPR2,,BMP antagonist,,BMP inhibition receptor
BMP,BMP4,BMPR1B_ACVR2A,,BMP antagonist,,BMP inhibition receptor
BMP,BMP4,BMPR1B_ACVR2B,,BMP antagonist,,BMP inhibition receptor
BMP,BMP4,BMPR1B_BMPR2,,BMP antagonist,,BMP inhibition receptor
BMP,GDF5,BMPR1A_ACVR2A,,BMP antagonist,,BMP inhibition receptor
BMP,GDF5,BMPR1A_ACVR2B,,BMP antagonist,,BMP inhibition receptor
BMP,GDF5,BMPR1A_BMPR2,,BMP antagonist,,BMP inhibition receptor
BMP,GDF5,BMPR1B_ACVR2A,,BMP antagonist,,BMP inhibition receptor
BMP,GDF5,BMPR1B_ACVR2B,,BMP antagonist,,BMP inhibition receptor
BMP,GDF5,BMPR1B_BMPR2,,BMP antagonist,,BMP inhibition receptor
BMP,GDF6,BMPR1A_ACVR2A,,BMP antagonist,,BMP inhibition receptor
BMP,GDF6,BMPR1A_ACVR2B,,BMP antagonist,,BMP inhibition receptor
BMP,GDF6,BMPR1A_BMPR2,,BMP antagonist,,BMP inhibition receptor
BMP,GDF6,BMPR1B_ACVR2A,,BMP antagonist,,BMP inhibition receptor
BMP,GDF6,BMPR1B_ACVR2B,,BMP antagonist,,BMP inhibition receptor
BMP,GDF6,BMPR1B_BMPR2,,BMP antagonist,,BMP inhibition receptor
BMP,GDF7,BMPR1A_ACVR2A,,BMP antagonist,,BMP inhibition receptor
BMP,GDF7,BMPR1A_ACVR2B,,BMP antagonist,,BMP inhibition receptor
BMP,GDF7,BMPR1A_BMPR2,,BMP antagonist,,BMP inhibition receptor
BMP,GDF7,BMPR1B_ACVR2A,,BMP antagonist,,BMP inhibition receptor
BMP,GDF7,BMPR1B_ACVR2B,,BMP antagonist,,BMP inhibition receptor
BMP,GDF7,BMPR1B_BMPR2,,BMP antagonist,,BMP inhibition receptor
BMP,BMP15,BMPR1B_BMPR2,,BMP antagonist,,BMP inhibition receptor
BMP,BMP5,ACVR1_ACVR2A,,BMP antagonist,,BMP inhibition receptor
BMP,BMP5,ACVR1_ACVR2B,,BMP antagonist,,BMP inhibition receptor
BMP,BMP5,ACVR1_BMPR2,,BMP antagonist,,BMP inhibition receptor
BMP,BMP5,BMPR1A_ACVR2A,,BMP antagonist,,BMP inhibition receptor
BMP,BMP5,BMPR1A_ACVR2B,,BMP antagonist,,BMP inhibition receptor
BMP,BMP5,BMPR1A_BMPR2,,BMP antagonist,,BMP inhibition receptor
BMP,BMP5,BMPR1B_ACVR2A,,BMP antagonist,,BMP inhibition receptor
BMP,BMP5,BMPR1B_ACVR2B,,BMP antagonist,,BMP inhibition receptor
BMP,BMP5,BMPR1B_BMPR2,,BMP antagonist,,BMP inhibition receptor
BMP,BMP6,ACVR1_ACVR2A,,BMP antagonist,,BMP inhibition receptor
BMP,BMP6,ACVR1_ACVR2B,,BMP antagonist,,BMP inhibition receptor
BMP,BMP6,ACVR1_BMPR2,,BMP antagonist,,BMP inhibition receptor
BMP,BMP6,BMPR1A_ACVR2A,,BMP antagonist,,BMP inhibition receptor
BMP,BMP6,BMPR1A_ACVR2B,,BMP antagonist,,BMP inhibition receptor
BMP,BMP6,BMPR1A_BMPR2,,BMP antagonist,,BMP inhibition receptor
BMP,BMP6,BMPR1B_ACVR2A,,BMP antagonist,,BMP inhibition receptor
BMP,BMP6,BMPR1B_ACVR2B,,BMP antagonist,,BMP inhibition receptor
BMP,BMP6,BMPR1B_BMPR2,,BMP antagonist,,BMP inhibition receptor
BMP,BMP7,ACVR1_ACVR2A,,BMP antagonist,,BMP inhibition receptor
BMP,BMP7,ACVR1_ACVR2B,,BMP antagonist,,BMP inhibition receptor
BMP,BMP7,ACVR1_BMPR2,,BMP antagonist,,BMP inhibition receptor
BMP,BMP7,BMPR1A_ACVR2A,,BMP antagonist,,BMP inhibition receptor
BMP,BMP7,BMPR1A_ACVR2B,,BMP antagonist,,BMP inhibition receptor
BMP,BMP7,BMPR1A_BMPR2,,BMP antagonist,,BMP inhibition receptor
BMP,BMP7,BMPR1B_ACVR2A,,BMP antagonist,,BMP inhibition receptor
BMP,BMP7,BMPR1B_ACVR2B,,BMP antagonist,,BMP inhibition receptor
BMP,BMP7,BMPR1B_BMPR2,,BMP antagonist,,BMP inhibition receptor
BMP,BMP8A,ACVR1_ACVR2A,,BMP antagonist,,BMP inhibition receptor
BMP,BMP8A,ACVR1_ACVR2B,,BMP antagonist,,BMP inhibition receptor
BMP,BMP8A,ACVR1_BMPR2,,BMP antagonist,,BMP inhibition receptor
BMP,BMP8A,BMPR1A_ACVR2A,,BMP antagonist,,BMP inhibition receptor
BMP,BMP8A,BMPR1A_ACVR2B,,BMP antagonist,,BMP inhibition receptor
BMP,BMP8A,BMPR1A_BMPR2,,BMP antagonist,,BMP inhibition receptor
BMP,BMP8A,BMPR1B_ACVR2A,,BMP antagonist,,BMP inhibition receptor
BMP,BMP8A,BMPR1B_ACVR2B,,BMP antagonist,,BMP inhibition receptor
BMP,BMP8A,BMPR1B_BMPR2,,BMP antagonist,,BMP inhibition receptor
BMP,BMP8B,ACVR1_ACVR2A,,BMP antagonist,,BMP inhibition receptor
BMP,BMP8B,ACVR1_ACVR2B,,BMP antagonist,,BMP inhibition receptor
BMP,BMP8B,ACVR1_BMPR2,,BMP antagonist,,BMP inhibition receptor
BMP,BMP8B,BMPR1A_ACVR2A,,BMP antagonist,,BMP inhibition receptor
BMP,BMP8B,BMPR1A_ACVR2B,,BMP antagonist,,BMP inhibition receptor
BMP,BMP8B,BMPR1A_BMPR2,,BMP antagonist,,BMP inhibition receptor
BMP,BMP8B,BMPR1B_ACVR2A,,BMP antagonist,,BMP inhibition receptor
BMP,BMP8B,BMPR1B_ACVR2B,,BMP antagonist,,BMP inhibition receptor
BMP,BMP8B,BMPR1B_BMPR2,,BMP antagonist,,BMP inhibition receptor
BMP10,BMP10,ACVRL1_BMPR2,,,BMP10 activation receptor,
BMP10,BMP10,ACVRL1_ACVR2A,,,BMP10 activation receptor,
BMP10,GDF2,ACVRL1_BMPR2,,,BMP10 activation receptor,
BMP10,GDF2,ACVRL1_ACVR2A,,,BMP10 activation receptor,
GDF,GDF9,ACVR1B_BMPR2,,,,
GDF,GDF10,ACVR1B_ACVR2A,,,,
GDF,GDF11,TGFBR1_ACVR2A,,,,
GDF,GDF11,TGFBR1_ACVR2B,,,,
GDF,GDF11,ACVR1B_ACVR2B,,,,
GDF,GDF15,TGFBR2,,,,
MSTN,MSTN,TGFBR1_ACVR2B,,,,
MSTN,MSTN,ACVR1B_ACVR2B,,,,
MSTN,MSTN,ACVR1B_ACVR2A,,,,
MSTN,MSTN,TGFBR1_ACVR2A,,,,
AMH,AMH,AMHR2_ACVR1,,,,
AMH,AMH,AMHR2_BMPR1A,,,,
GDNF,GDNF,GFRA1_RET,,,,
GDNF,NRTN,GFRA2_RET,,,,
GDNF,ARTN,GFRA3_RET,,,,
GDNF,PSPN,GFRA4_RET,,,,
GDNF,ARTN,GFRA1_RET,,,,
NODAL,NODAL,ACVR1B_ACVR2A_CFC1,NODAL agonist,NODAL antagonist,,
NODAL,NODAL,ACVR1C_ACVR2A_CFC1,NODAL agonist,NODAL antagonist,,
NODAL,NODAL,ACVR1B_ACVR2B_CFC1,NODAL agonist,NODAL antagonist,,
NODAL,NODAL,ACVR1C_ACVR2B_CFC1,NODAL agonist,NODAL antagonist,,
NODAL,GDF1,ACVR1B_ACVR2A_CFC1,NODAL agonist,NODAL antagonist,,
NODAL,GDF1,ACVR1B_ACVR2B_CFC1,NODAL agonist,NODAL antagonist,,
NODAL,GDF1,ACVR1C_ACVR2A_CFC1,NODAL agonist,NODAL antagonist,,
NODAL,GDF1,ACVR1C_ACVR2B_CFC1,NODAL agonist,NODAL antagonist,,
NODAL,GDF3,ACVR1B_ACVR2A_CFC1,NODAL agonist,NODAL antagonist,,
NODAL,GDF3,ACVR1B_ACVR2B_CFC1,NODAL agonist,NODAL antagonist,,
NODAL,GDF3,ACVR1C_ACVR2A_CFC1,NODAL agonist,NODAL antagonist,,
NODAL,GDF3,ACVR1C_ACVR2B_CFC1,NODAL agonist,NODAL antagonist,,
ACTIVIN,INHBA,ACVR1B_ACVR2A,,ACTIVIN antagonist,,ACTIVIN inhibition receptor
ACTIVIN,INHBA,ACVR1B_ACVR2B,,ACTIVIN antagonist,,ACTIVIN inhibition receptor
ACTIVIN,INHBB,ACVR1B_ACVR2A,,ACTIVIN antagonist,,ACTIVIN inhibition receptor
ACTIVIN,INHBB,ACVR1B_ACVR2B,,ACTIVIN antagonist,,ACTIVIN inhibition receptor
ACTIVIN,INHBB,ACVR1C_ACVR2A,,ACTIVIN antagonist,,ACTIVIN inhibition receptor
ACTIVIN,INHBB,ACVR1C_ACVR2B,,ACTIVIN antagonist,,ACTIVIN inhibition receptor
ACTIVIN,INHBC,ACVR1B_ACVR2A,,ACTIVIN antagonist,,ACTIVIN inhibition receptor
ACTIVIN,INHBC,ACVR1B_ACVR2B,,ACTIVIN antagonist,,ACTIVIN inhibition receptor
ACTIVIN,INHBC,ACVR1C_ACVR2A,,ACTIVIN antagonist,,ACTIVIN inhibition receptor
ACTIVIN,INHBC,ACVR1C_ACVR2B,,ACTIVIN antagonist,,ACTIVIN inhibition receptor
ACTIVIN,INHBE,ACVR1B_ACVR2A,,ACTIVIN antagonist,,ACTIVIN inhibition receptor
ACTIVIN,INHBE,ACVR1B_ACVR2B,,ACTIVIN antagonist,,ACTIVIN inhibition receptor
ACTIVIN,INHBE,ACVR1C_ACVR2A,,ACTIVIN antagonist,,ACTIVIN inhibition receptor
ACTIVIN,INHBE,ACVR1C_ACVR2B,,ACTIVIN antagonist,,ACTIVIN inhibition receptor
ACTIVIN,Activin AB,ACVR1B_ACVR2A,,ACTIVIN antagonist,,ACTIVIN inhibition receptor
ACTIVIN,Activin AB,ACVR1B_ACVR2B,,ACTIVIN antagonist,,ACTIVIN inhibition receptor
ACTIVIN,Activin AB,ACVR1C_ACVR2A,,ACTIVIN antagonist,,ACTIVIN inhibition receptor
ACTIVIN,Activin AB,ACVR1C_ACVR2B,,ACTIVIN antagonist,,ACTIVIN inhibition receptor
ACTIVIN,Inhibin A,ACVR2A,,ACTIVIN antagonist,,ACTIVIN inhibition receptor
ACTIVIN,Inhibin B,ACVR2B,,ACTIVIN antagonist,,ACTIVIN inhibition receptor
WNT,WNT1,FZD1_LRP5,WNT agonist,WNT antagonist,WNT activation receptor,WNT inhibition receptor
WNT,WNT1,FZD10_LRP5,WNT agonist,WNT antagonist,WNT activation receptor,WNT inhibition receptor
WNT,WNT1,FZD2_LRP5,WNT agonist,WNT antagonist,WNT activation receptor,WNT inhibition receptor
WNT,WNT1,FZD3_LRP5,WNT agonist,WNT antagonist,WNT activation receptor,WNT inhibition receptor
WNT,WNT1,FZD4_LRP5,WNT agonist,WNT antagonist,WNT activation receptor,WNT inhibition receptor
WNT,WNT1,FZD5_LRP5,WNT agonist,WNT antagonist,WNT activation receptor,WNT inhibition receptor
WNT,WNT1,FZD6_LRP5,WNT agonist,WNT antagonist,WNT activation receptor,WNT inhibition receptor
WNT,WNT1,FZD7_LRP5,WNT agonist,WNT antagonist,WNT activation receptor,WNT inhibition receptor
WNT,WNT1,FZD8_LRP5,WNT agonist,WNT antagonist,WNT activation receptor,WNT inhibition receptor
WNT,WNT1,FZD9_LRP5,WNT agonist,WNT antagonist,WNT activation receptor,WNT inhibition receptor
WNT,WNT10A,FZD1_LRP5,WNT agonist,WNT antagonist,WNT activation receptor,WNT inhibition receptor
WNT,WNT10A,FZD10_LRP5,WNT agonist,WNT antagonist,WNT activation receptor,WNT inhibition receptor
WNT,WNT10A,FZD2_LRP5,WNT agonist,WNT antagonist,WNT activation receptor,WNT inhibition receptor
WNT,WNT10A,FZD3_LRP5,WNT agonist,WNT antagonist,WNT activation receptor,WNT inhibition receptor
WNT,WNT10A,FZD4_LRP5,WNT agonist,WNT antagonist,WNT activation receptor,WNT inhibition receptor
WNT,WNT10A,FZD5_LRP5,WNT agonist,WNT antagonist,WNT activation receptor,WNT inhibition receptor
WNT,WNT10A,FZD6_LRP5,WNT agonist,WNT antagonist,WNT activation receptor,WNT inhibition receptor
WNT,WNT10A,FZD7_LRP5,WNT agonist,WNT antagonist,WNT activation receptor,WNT inhibition receptor
WNT,WNT10A,FZD8_LRP5,WNT agonist,WNT antagonist,WNT activation receptor,WNT inhibition receptor
WNT,WNT10A,FZD9_LRP5,WNT agonist,WNT antagonist,WNT activation receptor,WNT inhibition receptor
WNT,WNT10B,FZD1_LRP5,WNT agonist,WNT antagonist,WNT activation receptor,WNT inhibition receptor
WNT,WNT10B,FZD10_LRP5,WNT agonist,WNT antagonist,WNT activation receptor,WNT inhibition receptor
WNT,WNT10B,FZD2_LRP5,WNT agonist,WNT antagonist,WNT activation receptor,WNT inhibition receptor
WNT,WNT10B,FZD3_LRP5,WNT agonist,WNT antagonist,WNT activation receptor,WNT inhibition receptor
WNT,WNT10B,FZD4_LRP5,WNT agonist,WNT antagonist,WNT activation receptor,WNT inhibition receptor
WNT,WNT10B,FZD5_LRP5,WNT agonist,WNT antagonist,WNT activation receptor,WNT inhibition receptor
WNT,WNT10B,FZD6_LRP5,WNT agonist,WNT antagonist,WNT activation receptor,WNT inhibition receptor
WNT,WNT10B,FZD7_LRP5,WNT agonist,WNT antagonist,WNT activation receptor,WNT inhibition receptor
WNT,WNT10B,FZD8_LRP5,WNT agonist,WNT antagonist,WNT activation receptor,WNT inhibition receptor
WNT,WNT10B,FZD9_LRP5,WNT agonist,WNT antagonist,WNT activation receptor,WNT inhibition receptor
WNT,WNT16,FZD1_LRP5,WNT agonist,WNT antagonist,WNT activation receptor,WNT inhibition receptor
WNT,WNT16,FZD10_LRP5,WNT agonist,WNT antagonist,WNT activation receptor,WNT inhibition receptor
WNT,WNT16,FZD2_LRP5,WNT agonist,WNT antagonist,WNT activation receptor,WNT inhibition receptor
WNT,WNT16,FZD3_LRP5,WNT agonist,WNT antagonist,WNT activation receptor,WNT inhibition receptor
WNT,WNT16,FZD4_LRP5,WNT agonist,WNT antagonist,WNT activation receptor,WNT inhibition receptor
WNT,WNT16,FZD5_LRP5,WNT agonist,WNT antagonist,WNT activation receptor,WNT inhibition receptor
WNT,WNT16,FZD6_LRP5,WNT agonist,WNT antagonist,WNT activation receptor,WNT inhibition receptor
WNT,WNT16,FZD7_LRP5,WNT agonist,WNT antagonist,WNT activation receptor,WNT inhibition receptor
WNT,WNT16,FZD8_LRP5,WNT agonist,WNT antagonist,WNT activation receptor,WNT inhibition receptor
WNT,WNT16,FZD9_LRP5,WNT agonist,WNT antagonist,WNT activation receptor,WNT inhibition receptor
WNT,WNT2,FZD1_LRP5,WNT agonist,WNT antagonist,WNT activation receptor,WNT inhibition receptor
WNT,WNT2,FZD10_LRP5,WNT agonist,WNT antagonist,WNT activation receptor,WNT inhibition receptor
WNT,WNT2,FZD2_LRP5,WNT agonist,WNT antagonist,WNT activation receptor,WNT inhibition receptor
WNT,WNT2,FZD3_LRP5,WNT agonist,WNT antagonist,WNT activation receptor,WNT inhibition receptor
WNT,WNT2,FZD4_LRP5,WNT agonist,WNT antagonist,WNT activation receptor,WNT inhibition receptor
WNT,WNT2,FZD5_LRP5,WNT agonist,WNT antagonist,WNT activation receptor,WNT inhibition receptor
WNT,WNT2,FZD6_LRP5,WNT agonist,WNT antagonist,WNT activation receptor,WNT inhibition receptor
WNT,WNT2,FZD7_LRP5,WNT agonist,WNT antagonist,WNT activation receptor,WNT inhibition receptor
WNT,WNT2,FZD8_LRP5,WNT agonist,WNT antagonist,WNT activation receptor,WNT inhibition receptor
WNT,WNT2,FZD9_LRP5,WNT agonist,WNT antagonist,WNT activation receptor,WNT inhibition receptor
WNT,WNT2B,FZD1_LRP5,WNT agonist,WNT antagonist,WNT activation receptor,WNT inhibition receptor
WNT,WNT2B,FZD10_LRP5,WNT agonist,WNT antagonist,WNT activation receptor,WNT inhibition receptor
WNT,WNT2B,FZD2_LRP5,WNT agonist,WNT antagonist,WNT activation receptor,WNT inhibition receptor
WNT,WNT2B,FZD3_LRP5,WNT agonist,WNT antagonist,WNT activation receptor,WNT inhibition receptor
WNT,WNT2B,FZD4_LRP5,WNT agonist,WNT antagonist,WNT activation receptor,WNT inhibition receptor
WNT,WNT2B,FZD5_LRP5,WNT agonist,WNT antagonist,WNT activation receptor,WNT inhibition receptor
WNT,WNT2B,FZD6_LRP5,WNT agonist,WNT antagonist,WNT activation receptor,WNT inhibition receptor
WNT,WNT2B,FZD7_LRP5,WNT agonist,WNT antagonist,WNT activation receptor,WNT inhibition receptor
WNT,WNT2B,FZD8_LRP5,WNT agonist,WNT antagonist,WNT activation receptor,WNT inhibition receptor
WNT,WNT2B,FZD9_LRP5,WNT agonist,WNT antagonist,WNT activation receptor,WNT inhibition receptor
WNT,WNT3,FZD1_LRP5,WNT agonist,WNT antagonist,WNT activation receptor,WNT inhibition receptor
WNT,WNT3,FZD10_LRP5,WNT agonist,WNT antagonist,WNT activation receptor,WNT inhibition receptor
WNT,WNT3,FZD2_LRP5,WNT agonist,WNT antagonist,WNT activation receptor,WNT inhibition receptor
WNT,WNT3,FZD3_LRP5,WNT agonist,WNT antagonist,WNT activation receptor,WNT inhibition receptor
WNT,WNT3,FZD4_LRP5,WNT agonist,WNT antagonist,WNT activation receptor,WNT inhibition receptor
WNT,WNT3,FZD5_LRP5,WNT agonist,WNT antagonist,WNT activation receptor,WNT inhibition receptor
WNT,WNT3,FZD6_LRP5,WNT agonist,WNT antagonist,WNT activation receptor,WNT inhibition receptor
WNT,WNT3,FZD7_LRP5,WNT agonist,WNT antagonist,WNT activation receptor,WNT inhibition receptor
WNT,WNT3,FZD8_LRP5,WNT agonist,WNT antagonist,WNT activation receptor,WNT inhibition receptor
WNT,WNT3,FZD9_LRP5,WNT agonist,WNT antagonist,WNT activation receptor,WNT inhibition receptor
WNT,WNT3A,FZD1_LRP5,WNT agonist,WNT antagonist,WNT activation receptor,WNT inhibition receptor
WNT,WNT3A,FZD10_LRP5,WNT agonist,WNT antagonist,WNT activation receptor,WNT inhibition receptor
WNT,WNT3A,FZD2_LRP5,WNT agonist,WNT antagonist,WNT activation receptor,WNT inhibition receptor
WNT,WNT3A,FZD3_LRP5,WNT agonist,WNT antagonist,WNT activation receptor,WNT inhibition receptor
WNT,WNT3A,FZD4_LRP5,WNT agonist,WNT antagonist,WNT activation receptor,WNT inhibition receptor
WNT,WNT3A,FZD5_LRP5,WNT agonist,WNT antagonist,WNT activation receptor,WNT inhibition receptor
WNT,WNT3A,FZD6_LRP5,WNT agonist,WNT antagonist,WNT activation receptor,WNT inhibition receptor
WNT,WNT3A,FZD7_LRP5,WNT agonist,WNT antagonist,WNT activation receptor,WNT inhibition receptor
WNT,WNT3A,FZD8_LRP5,WNT agonist,WNT antagonist,WNT activation receptor,WNT inhibition receptor
WNT,WNT3A,FZD9_LRP5,WNT agonist,WNT antagonist,WNT activation receptor,WNT inhibition receptor
WNT,WNT4,FZD1_LRP5,WNT agonist,WNT antagonist,WNT activation receptor,WNT inhibition receptor
WNT,WNT4,FZD10_LRP5,WNT agonist,WNT antagonist,WNT activation receptor,WNT inhibition receptor
WNT,WNT4,FZD2_LRP5,WNT agonist,WNT antagonist,WNT activation receptor,WNT inhibition receptor
WNT,WNT4,FZD3_LRP5,WNT agonist,WNT antagonist,WNT activation receptor,WNT inhibition receptor
WNT,WNT4,FZD4_LRP5,WNT agonist,WNT antagonist,WNT activation receptor,WNT inhibition receptor
WNT,WNT4,FZD5_LRP5,WNT agonist,WNT antagonist,WNT activation receptor,WNT inhibition receptor
WNT,WNT4,FZD6_LRP5,WNT agonist,WNT antagonist,WNT activation receptor,WNT inhibition receptor
WNT,WNT4,FZD7_LRP5,WNT agonist,WNT antagonist,WNT activation receptor,WNT inhibition receptor
WNT,WNT4,FZD8_LRP5,WNT agonist,WNT antagonist,WNT activation receptor,WNT inhibition receptor
WNT,WNT4,FZD9_LRP5,WNT agonist,WNT antagonist,WNT activation receptor,WNT inhibition receptor
WNT,WNT6,FZD1_LRP5,WNT agonist,WNT antagonist,WNT activation receptor,WNT inhibition receptor
WNT,WNT6,FZD10_LRP5,WNT agonist,WNT antagonist,WNT activation receptor,WNT inhibition receptor
WNT,WNT6,FZD2_LRP5,WNT agonist,WNT antagonist,WNT activation receptor,WNT inhibition receptor
WNT,WNT6,FZD3_LRP5,WNT agonist,WNT antagonist,WNT activation receptor,WNT inhibition receptor
WNT,WNT6,FZD4_LRP5,WNT agonist,WNT antagonist,WNT activation receptor,WNT inhibition receptor
WNT,WNT6,FZD5_LRP5,WNT agonist,WNT antagonist,WNT activation receptor,WNT inhibition receptor
WNT,WNT6,FZD6_LRP5,WNT agonist,WNT antagonist,WNT activation receptor,WNT inhibition receptor
WNT,WNT6,FZD7_LRP5,WNT agonist,WNT antagonist,WNT activation receptor,WNT inhibition receptor
WNT,WNT6,FZD8_LRP5,WNT agonist,WNT antagonist,WNT activation receptor,WNT inhibition receptor
WNT,WNT6,FZD9_LRP5,WNT agonist,WNT antagonist,WNT activation receptor,WNT inhibition receptor
WNT,WNT7A,FZD1_LRP5,WNT agonist,WNT antagonist,WNT activation receptor,WNT inhibition receptor
WNT,WNT7A,FZD10_LRP5,WNT agonist,WNT antagonist,WNT activation receptor,WNT inhibition receptor
WNT,WNT7A,FZD2_LRP5,WNT agonist,WNT antagonist,WNT activation receptor,WNT inhibition receptor
WNT,WNT7A,FZD3_LRP5,WNT agonist,WNT antagonist,WNT activation receptor,WNT inhibition receptor
WNT,WNT7A,FZD4_LRP5,WNT agonist,WNT antagonist,WNT activation receptor,WNT inhibition receptor
WNT,WNT7A,FZD5_LRP5,WNT agonist,WNT antagonist,WNT activation receptor,WNT inhibition receptor
WNT,WNT7A,FZD6_LRP5,WNT agonist,WNT antagonist,WNT activation receptor,WNT inhibition receptor
WNT,WNT7A,FZD7_LRP5,WNT agonist,WNT antagonist,WNT activation receptor,WNT inhibition receptor
WNT,WNT7A,FZD8_LRP5,WNT agonist,WNT antagonist,WNT activation receptor,WNT inhibition receptor
WNT,WNT7A,FZD9_LRP5,WNT agonist,WNT antagonist,WNT activation receptor,WNT inhibition receptor
WNT,WNT7B,FZD1_LRP5,WNT agonist,WNT antagonist,WNT activation receptor,WNT inhibition receptor
WNT,WNT7B,FZD10_LRP5,WNT agonist,WNT antagonist,WNT activation receptor,WNT inhibition receptor
WNT,WNT7B,FZD2_LRP5,WNT agonist,WNT antagonist,WNT activation receptor,WNT inhibition receptor
WNT,WNT7B,FZD3_LRP5,WNT agonist,WNT antagonist,WNT activation receptor,WNT inhibition receptor
WNT,WNT7B,FZD4_LRP5,WNT agonist,WNT antagonist,WNT activation receptor,WNT inhibition receptor
WNT,WNT7B,FZD5_LRP5,WNT agonist,WNT antagonist,WNT activation receptor,WNT inhibition receptor
WNT,WNT7B,FZD6_LRP5,WNT agonist,WNT antagonist,WNT activation receptor,WNT inhibition receptor
WNT,WNT7B,FZD7_LRP5,WNT agonist,WNT antagonist,WNT activation receptor,WNT inhibition receptor
WNT,WNT7B,FZD8_LRP5,WNT agonist,WNT antagonist,WNT activation receptor,WNT inhibition receptor
WNT,WNT7B,FZD9_LRP5,WNT agonist,WNT antagonist,WNT activation receptor,WNT inhibition receptor
WNT,WNT8A,FZD1_LRP5,WNT agonist,WNT antagonist,WNT activation receptor,WNT inhibition receptor
WNT,WNT8A,FZD10_LRP5,WNT agonist,WNT antagonist,WNT activation receptor,WNT inhibition receptor
WNT,WNT8A,FZD2_LRP5,WNT agonist,WNT antagonist,WNT activation receptor,WNT inhibition receptor
WNT,WNT8A,FZD3_LRP5,WNT agonist,WNT antagonist,WNT activation receptor,WNT inhibition receptor
WNT,WNT8A,FZD4_LRP5,WNT agonist,WNT antagonist,WNT activation receptor,WNT inhibition receptor
WNT,WNT8A,FZD5_LRP5,WNT agonist,WNT antagonist,WNT activation receptor,WNT inhibition receptor
WNT,WNT8A,FZD6_LRP5,WNT agonist,WNT antagonist,WNT activation receptor,WNT inhibition receptor
WNT,WNT8A,FZD7_LRP5,WNT agonist,WNT antagonist,WNT activation receptor,WNT inhibition receptor
WNT,WNT8A,FZD8_LRP5,WNT agonist,WNT antagonist,WNT activation receptor,WNT inhibition receptor
WNT,WNT8A,FZD9_LRP5,WNT agonist,WNT antagonist,WNT activation receptor,WNT inhibition receptor
WNT,WNT8B,FZD1_LRP5,WNT agonist,WNT antagonist,WNT activation receptor,WNT inhibition receptor
WNT,WNT8B,FZD10_LRP5,WNT agonist,WNT antagonist,WNT activation receptor,WNT inhibition receptor
WNT,WNT8B,FZD2_LRP5,WNT agonist,WNT antagonist,WNT activation receptor,WNT inhibition receptor
WNT,WNT8B,FZD3_LRP5,WNT agonist,WNT antagonist,WNT activation receptor,WNT inhibition receptor
WNT,WNT8B,FZD4_LRP5,WNT agonist,WNT antagonist,WNT activation receptor,WNT inhibition receptor
WNT,WNT8B,FZD5_LRP5,WNT agonist,WNT antagonist,WNT activation receptor,WNT inhibition receptor
WNT,WNT8B,FZD6_LRP5,WNT agonist,WNT antagonist,WNT activation receptor,WNT inhibition receptor
WNT,WNT8B,FZD7_LRP5,WNT agonist,WNT antagonist,WNT activation receptor,WNT inhibition receptor
WNT,WNT8B,FZD8_LRP5,WNT agonist,WNT antagonist,WNT activation receptor,WNT inhibition receptor
WNT,WNT8B,FZD9_LRP5,WNT agonist,WNT antagonist,WNT activation receptor,WNT inhibition receptor
WNT,WNT9A,FZD1_LRP5,WNT agonist,WNT antagonist,WNT activation receptor,WNT inhibition receptor
WNT,WNT9A,FZD10_LRP5,WNT agonist,WNT antagonist,WNT activation receptor,WNT inhibition receptor
WNT,WNT9A,FZD2_LRP5,WNT agonist,WNT antagonist,WNT activation receptor,WNT inhibition receptor
WNT,WNT9A,FZD3_LRP5,WNT agonist,WNT antagonist,WNT activation receptor,WNT inhibition receptor
WNT,WNT9A,FZD4_LRP5,WNT agonist,WNT antagonist,WNT activation receptor,WNT inhibition receptor
WNT,WNT9A,FZD5_LRP5,WNT agonist,WNT antagonist,WNT activation receptor,WNT inhibition receptor
WNT,WNT9A,FZD6_LRP5,WNT agonist,WNT antagonist,WNT activation receptor,WNT inhibition receptor
WNT,WNT9A,FZD7_LRP5,WNT agonist,WNT antagonist,WNT activation receptor,WNT inhibition receptor
WNT,WNT9A,FZD8_LRP5,WNT agonist,WNT antagonist,WNT activation receptor,WNT inhibition receptor
WNT,WNT9A,FZD9_LRP5,WNT agonist,WNT antagonist,WNT activation receptor,WNT inhibition receptor
WNT,WNT9B,FZD1_LRP5,WNT agonist,WNT antagonist,WNT activation receptor,WNT inhibition receptor
WNT,WNT9B,FZD10_LRP5,WNT agonist,WNT antagonist,WNT activation receptor,WNT inhibition receptor
WNT,WNT9B,FZD2_LRP5,WNT agonist,WNT antagonist,WNT activation receptor,WNT inhibition receptor
WNT,WNT9B,FZD3_LRP5,WNT agonist,WNT antagonist,WNT activation receptor,WNT inhibition receptor
WNT,WNT9B,FZD4_LRP5,WNT agonist,WNT antagonist,WNT activation receptor,WNT inhibition receptor
WNT,WNT9B,FZD5_LRP5,WNT agonist,WNT antagonist,WNT activation receptor,WNT inhibition receptor
WNT,WNT9B,FZD6_LRP5,WNT agonist,WNT antagonist,WNT activation receptor,WNT inhibition receptor
WNT,WNT9B,FZD7_LRP5,WNT agonist,WNT antagonist,WNT activation receptor,WNT inhibition receptor
WNT,WNT9B,FZD8_LRP5,WNT agonist,WNT antagonist,WNT activation receptor,WNT inhibition receptor
WNT,WNT9B,FZD9_LRP5,WNT agonist,WNT antagonist,WNT activation receptor,WNT inhibition receptor
WNT,WNT1,FZD1_LRP6,WNT agonist,WNT antagonist,WNT activation receptor,WNT inhibition receptor
WNT,WNT1,FZD10_LRP6,WNT agonist,WNT antagonist,WNT activation receptor,WNT inhibition receptor
WNT,WNT1,FZD2_LRP6,WNT agonist,WNT antagonist,WNT activation receptor,WNT inhibition receptor
WNT,WNT1,FZD3_LRP6,WNT agonist,WNT antagonist,WNT activation receptor,WNT inhibition receptor
WNT,WNT1,FZD4_LRP6,WNT agonist,WNT antagonist,WNT activation receptor,WNT inhibition receptor
WNT,WNT1,FZD5_LRP6,WNT agonist,WNT antagonist,WNT activation receptor,WNT inhibition receptor
WNT,WNT1,FZD6_LRP6,WNT agonist,WNT antagonist,WNT activation receptor,WNT inhibition receptor
WNT,WNT1,FZD7_LRP6,WNT agonist,WNT antagonist,WNT activation receptor,WNT inhibition receptor
WNT,WNT1,FZD8_LRP6,WNT agonist,WNT antagonist,WNT activation receptor,WNT inhibition receptor
WNT,WNT1,FZD9_LRP6,WNT agonist,WNT antagonist,WNT activation receptor,WNT inhibition receptor
WNT,WNT10A,FZD1_LRP6,WNT agonist,WNT antagonist,WNT activation receptor,WNT inhibition receptor
WNT,WNT10A,FZD10_LRP6,WNT agonist,WNT antagonist,WNT activation receptor,WNT inhibition receptor
WNT,WNT10A,FZD2_LRP6,WNT agonist,WNT antagonist,WNT activation receptor,WNT inhibition receptor
WNT,WNT10A,FZD3_LRP6,WNT agonist,WNT antagonist,WNT activation receptor,WNT inhibition receptor
WNT,WNT10A,FZD4_LRP6,WNT agonist,WNT antagonist,WNT activation receptor,WNT inhibition receptor
WNT,WNT10A,FZD5_LRP6,WNT agonist,WNT antagonist,WNT activation receptor,WNT inhibition receptor
WNT,WNT10A,FZD6_LRP6,WNT agonist,WNT antagonist,WNT activation receptor,WNT inhibition receptor
WNT,WNT10A,FZD7_LRP6,WNT agonist,WNT antagonist,WNT activation receptor,WNT inhibition receptor
WNT,WNT10A,FZD8_LRP6,WNT agonist,WNT antagonist,WNT activation receptor,WNT inhibition receptor
WNT,WNT10A,FZD9_LRP6,WNT agonist,WNT antagonist,WNT activation receptor,WNT inhibition receptor
WNT,WNT10B,FZD1_LRP6,WNT agonist,WNT antagonist,WNT activation receptor,WNT inhibition receptor
WNT,WNT10B,FZD10_LRP6,WNT agonist,WNT antagonist,WNT activation receptor,WNT inhibition receptor
WNT,WNT10B,FZD2_LRP6,WNT agonist,WNT antagonist,WNT activation receptor,WNT inhibition receptor
WNT,WNT10B,FZD3_LRP6,WNT agonist,WNT antagonist,WNT activation receptor,WNT inhibition receptor
WNT,WNT10B,FZD4_LRP6,WNT agonist,WNT antagonist,WNT activation receptor,WNT inhibition receptor
WNT,WNT10B,FZD5_LRP6,WNT agonist,WNT antagonist,WNT activation receptor,WNT inhibition receptor
WNT,WNT10B,FZD6_LRP6,WNT agonist,WNT antagonist,WNT activation receptor,WNT inhibition receptor
WNT,WNT10B,FZD7_LRP6,WNT agonist,WNT antagonist,WNT activation receptor,WNT inhibition receptor
WNT,WNT10B,FZD8_LRP6,WNT agonist,WNT antagonist,WNT activation receptor,WNT inhibition receptor
WNT,WNT10B,FZD9_LRP6,WNT agonist,WNT antagonist,WNT activation receptor,WNT inhibition receptor
WNT,WNT16,FZD1_LRP6,WNT agonist,WNT antagonist,WNT activation receptor,WNT inhibition receptor
WNT,WNT16,FZD10_LRP6,WNT agonist,WNT antagonist,WNT activation receptor,WNT inhibition receptor
WNT,WNT16,FZD2_LRP6,WNT agonist,WNT antagonist,WNT activation receptor,WNT inhibition receptor
WNT,WNT16,FZD3_LRP6,WNT agonist,WNT antagonist,WNT activation receptor,WNT inhibition receptor
WNT,WNT16,FZD4_LRP6,WNT agonist,WNT antagonist,WNT activation receptor,WNT inhibition receptor
WNT,WNT16,FZD5_LRP6,WNT agonist,WNT antagonist,WNT activation receptor,WNT inhibition receptor
WNT,WNT16,FZD6_LRP6,WNT agonist,WNT antagonist,WNT activation receptor,WNT inhibition receptor
WNT,WNT16,FZD7_LRP6,WNT agonist,WNT antagonist,WNT activation receptor,WNT inhibition receptor
WNT,WNT16,FZD8_LRP6,WNT agonist,WNT antagonist,WNT activation receptor,WNT inhibition receptor
WNT,WNT16,FZD9_LRP6,WNT agonist,WNT antagonist,WNT activation receptor,WNT inhibition receptor
WNT,WNT2,FZD1_LRP6,WNT agonist,WNT antagonist,WNT activation receptor,WNT inhibition receptor
WNT,WNT2,FZD10_LRP6,WNT agonist,WNT antagonist,WNT activation receptor,WNT inhibition receptor
WNT,WNT2,FZD2_LRP6,WNT agonist,WNT antagonist,WNT activation receptor,WNT inhibition receptor
WNT,WNT2,FZD3_LRP6,WNT agonist,WNT antagonist,WNT activation receptor,WNT inhibition receptor
WNT,WNT2,FZD4_LRP6,WNT agonist,WNT antagonist,WNT activation receptor,WNT inhibition receptor
WNT,WNT2,FZD5_LRP6,WNT agonist,WNT antagonist,WNT activation receptor,WNT inhibition receptor
WNT,WNT2,FZD6_LRP6,WNT agonist,WNT antagonist,WNT activation receptor,WNT inhibition receptor
WNT,WNT2,FZD7_LRP6,WNT agonist,WNT antagonist,WNT activation receptor,WNT inhibition receptor
WNT,WNT2,FZD8_LRP6,WNT agonist,WNT antagonist,WNT activation receptor,WNT inhibition receptor
WNT,WNT2,FZD9_LRP6,WNT agonist,WNT antagonist,WNT activation receptor,WNT inhibition receptor
WNT,WNT2B,FZD1_LRP6,WNT agonist,WNT antagonist,WNT activation receptor,WNT inhibition receptor
WNT,WNT2B,FZD10_LRP6,WNT agonist,WNT antagonist,WNT activation receptor,WNT inhibition receptor
WNT,WNT2B,FZD2_LRP6,WNT agonist,WNT antagonist,WNT activation receptor,WNT inhibition receptor
WNT,WNT2B,FZD3_LRP6,WNT agonist,WNT antagonist,WNT activation receptor,WNT inhibition receptor
WNT,WNT2B,FZD4_LRP6,WNT agonist,WNT antagonist,WNT activation receptor,WNT inhibition receptor
WNT,WNT2B,FZD5_LRP6,WNT agonist,WNT antagonist,WNT activation receptor,WNT inhibition receptor
WNT,WNT2B,FZD6_LRP6,WNT agonist,WNT antagonist,WNT activation receptor,WNT inhibition receptor
WNT,WNT2B,FZD7_LRP6,WNT agonist,WNT antagonist,WNT activation receptor,WNT inhibition receptor
WNT,WNT2B,FZD8_LRP6,WNT agonist,WNT antagonist,WNT activation receptor,WNT inhibition receptor
WNT,WNT2B,FZD9_LRP6,WNT agonist,WNT antagonist,WNT activation receptor,WNT inhibition receptor
WNT,WNT3,FZD1_LRP6,WNT agonist,WNT antagonist,WNT activation receptor,WNT inhibition receptor
WNT,WNT3,FZD10_LRP6,WNT agonist,WNT antagonist,WNT activation receptor,WNT inhibition receptor
WNT,WNT3,FZD2_LRP6,WNT agonist,WNT antagonist,WNT activation receptor,WNT inhibition receptor
WNT,WNT3,FZD3_LRP6,WNT agonist,WNT antagonist,WNT activation receptor,WNT inhibition receptor
WNT,WNT3,FZD4_LRP6,WNT agonist,WNT antagonist,WNT activation receptor,WNT inhibition receptor
WNT,WNT3,FZD5_LRP6,WNT agonist,WNT antagonist,WNT activation receptor,WNT inhibition receptor
WNT,WNT3,FZD6_LRP6,WNT agonist,WNT antagonist,WNT activation receptor,WNT inhibition receptor
WNT,WNT3,FZD7_LRP6,WNT agonist,WNT antagonist,WNT activation receptor,WNT inhibition receptor
WNT,WNT3,FZD8_LRP6,WNT agonist,WNT antagonist,WNT activation receptor,WNT inhibition receptor
WNT,WNT3,FZD9_LRP6,WNT agonist,WNT antagonist,WNT activation receptor,WNT inhibition receptor
WNT,WNT3A,FZD1_LRP6,WNT agonist,WNT antagonist,WNT activation receptor,WNT inhibition receptor
WNT,WNT3A,FZD10_LRP6,WNT agonist,WNT antagonist,WNT activation receptor,WNT inhibition receptor
WNT,WNT3A,FZD2_LRP6,WNT agonist,WNT antagonist,WNT activation receptor,WNT inhibition receptor
WNT,WNT3A,FZD3_LRP6,WNT agonist,WNT antagonist,WNT activation receptor,WNT inhibition receptor
WNT,WNT3A,FZD4_LRP6,WNT agonist,WNT antagonist,WNT activation receptor,WNT inhibition receptor
WNT,WNT3A,FZD5_LRP6,WNT agonist,WNT antagonist,WNT activation receptor,WNT inhibition receptor
WNT,WNT3A,FZD6_LRP6,WNT agonist,WNT antagonist,WNT activation receptor,WNT inhibition receptor
WNT,WNT3A,FZD7_LRP6,WNT agonist,WNT antagonist,WNT activation receptor,WNT inhibition receptor
WNT,WNT3A,FZD8_LRP6,WNT agonist,WNT antagonist,WNT activation receptor,WNT inhibition receptor
WNT,WNT3A,FZD9_LRP6,WNT agonist,WNT antagonist,WNT activation receptor,WNT inhibition receptor
WNT,WNT4,FZD1_LRP6,WNT agonist,WNT antagonist,WNT activation receptor,WNT inhibition receptor
WNT,WNT4,FZD10_LRP6,WNT agonist,WNT antagonist,WNT activation receptor,WNT inhibition receptor
WNT,WNT4,FZD2_LRP6,WNT agonist,WNT antagonist,WNT activation receptor,WNT inhibition receptor
WNT,WNT4,FZD3_LRP6,WNT agonist,WNT antagonist,WNT activation receptor,WNT inhibition receptor
WNT,WNT4,FZD4_LRP6,WNT agonist,WNT antagonist,WNT activation receptor,WNT inhibition receptor
WNT,WNT4,FZD5_LRP6,WNT agonist,WNT antagonist,WNT activation receptor,WNT inhibition receptor
WNT,WNT4,FZD6_LRP6,WNT agonist,WNT antagonist,WNT activation receptor,WNT inhibition receptor
WNT,WNT4,FZD7_LRP6,WNT agonist,WNT antagonist,WNT activation receptor,WNT inhibition receptor
WNT,WNT4,FZD8_LRP6,WNT agonist,WNT antagonist,WNT activation receptor,WNT inhibition receptor
WNT,WNT4,FZD9_LRP6,WNT agonist,WNT antagonist,WNT activation receptor,WNT inhibition receptor
WNT,WNT6,FZD1_LRP6,WNT agonist,WNT antagonist,WNT activation receptor,WNT inhibition receptor
WNT,WNT6,FZD10_LRP6,WNT agonist,WNT antagonist,WNT activation receptor,WNT inhibition receptor
WNT,WNT6,FZD2_LRP6,WNT agonist,WNT antagonist,WNT activation receptor,WNT inhibition receptor
WNT,WNT6,FZD3_LRP6,WNT agonist,WNT antagonist,WNT activation receptor,WNT inhibition receptor
WNT,WNT6,FZD4_LRP6,WNT agonist,WNT antagonist,WNT activation receptor,WNT inhibition receptor
WNT,WNT6,FZD5_LRP6,WNT agonist,WNT antagonist,WNT activation receptor,WNT inhibition receptor
WNT,WNT6,FZD6_LRP6,WNT agonist,WNT antagonist,WNT activation receptor,WNT inhibition receptor
WNT,WNT6,FZD7_LRP6,WNT agonist,WNT antagonist,WNT activation receptor,WNT inhibition receptor
WNT,WNT6,FZD8_LRP6,WNT agonist,WNT antagonist,WNT activation receptor,WNT inhibition receptor
WNT,WNT6,FZD9_LRP6,WNT agonist,WNT antagonist,WNT activation receptor,WNT inhibition receptor
WNT,WNT7A,FZD1_LRP6,WNT agonist,WNT antagonist,WNT activation receptor,WNT inhibition receptor
WNT,WNT7A,FZD10_LRP6,WNT agonist,WNT antagonist,WNT activation receptor,WNT inhibition receptor
WNT,WNT7A,FZD2_LRP6,WNT agonist,WNT antagonist,WNT activation receptor,WNT inhibition receptor
WNT,WNT7A,FZD3_LRP6,WNT agonist,WNT antagonist,WNT activation receptor,WNT inhibition receptor
WNT,WNT7A,FZD4_LRP6,WNT agonist,WNT antagonist,WNT activation receptor,WNT inhibition receptor
WNT,WNT7A,FZD5_LRP6,WNT agonist,WNT antagonist,WNT activation receptor,WNT inhibition receptor
WNT,WNT7A,FZD6_LRP6,WNT agonist,WNT antagonist,WNT activation receptor,WNT inhibition receptor
WNT,WNT7A,FZD7_LRP6,WNT agonist,WNT antagonist,WNT activation receptor,WNT inhibition receptor
WNT,WNT7A,FZD8_LRP6,WNT agonist,WNT antagonist,WNT activation receptor,WNT inhibition receptor
WNT,WNT7A,FZD9_LRP6,WNT agonist,WNT antagonist,WNT activation receptor,WNT inhibition receptor
WNT,WNT7B,FZD1_LRP6,WNT agonist,WNT antagonist,WNT activation receptor,WNT inhibition receptor
WNT,WNT7B,FZD10_LRP6,WNT agonist,WNT antagonist,WNT activation receptor,WNT inhibition receptor
WNT,WNT7B,FZD2_LRP6,WNT agonist,WNT antagonist,WNT activation receptor,WNT inhibition receptor
WNT,WNT7B,FZD3_LRP6,WNT agonist,WNT antagonist,WNT activation receptor,WNT inhibition receptor
WNT,WNT7B,FZD4_LRP6,WNT agonist,WNT antagonist,WNT activation receptor,WNT inhibition receptor
WNT,WNT7B,FZD5_LRP6,WNT agonist,WNT antagonist,WNT activation receptor,WNT inhibition receptor
WNT,WNT7B,FZD6_LRP6,WNT agonist,WNT antagonist,WNT activation receptor,WNT inhibition receptor
WNT,WNT7B,FZD7_LRP6,WNT agonist,WNT antagonist,WNT activation receptor,WNT inhibition receptor
WNT,WNT7B,FZD8_LRP6,WNT agonist,WNT antagonist,WNT activation receptor,WNT inhibition receptor
WNT,WNT7B,FZD9_LRP6,WNT agonist,WNT antagonist,WNT activation receptor,WNT inhibition receptor
WNT,WNT8A,FZD1_LRP6,WNT agonist,WNT antagonist,WNT activation receptor,WNT inhibition receptor
WNT,WNT8A,FZD10_LRP6,WNT agonist,WNT antagonist,WNT activation receptor,WNT inhibition receptor
WNT,WNT8A,FZD2_LRP6,WNT agonist,WNT antagonist,WNT activation receptor,WNT inhibition receptor
WNT,WNT8A,FZD3_LRP6,WNT agonist,WNT antagonist,WNT activation receptor,WNT inhibition receptor
WNT,WNT8A,FZD4_LRP6,WNT agonist,WNT antagonist,WNT activation receptor,WNT inhibition receptor
WNT,WNT8A,FZD5_LRP6,WNT agonist,WNT antagonist,WNT activation receptor,WNT inhibition receptor
WNT,WNT8A,FZD6_LRP6,WNT agonist,WNT antagonist,WNT activation receptor,WNT inhibition receptor
WNT,WNT8A,FZD7_LRP6,WNT agonist,WNT antagonist,WNT activation receptor,WNT inhibition receptor
WNT,WNT8A,FZD8_LRP6,WNT agonist,WNT antagonist,WNT activation receptor,WNT inhibition receptor
WNT,WNT8A,FZD9_LRP6,WNT agonist,WNT antagonist,WNT activation receptor,WNT inhibition receptor
WNT,WNT8B,FZD1_LRP6,WNT agonist,WNT antagonist,WNT activation receptor,WNT inhibition receptor
WNT,WNT8B,FZD10_LRP6,WNT agonist,WNT antagonist,WNT activation receptor,WNT inhibition receptor
WNT,WNT8B,FZD2_LRP6,WNT agonist,WNT antagonist,WNT activation receptor,WNT inhibition receptor
WNT,WNT8B,FZD3_LRP6,WNT agonist,WNT antagonist,WNT activation receptor,WNT inhibition receptor
WNT,WNT8B,FZD4_LRP6,WNT agonist,WNT antagonist,WNT activation receptor,WNT inhibition receptor
WNT,WNT8B,FZD5_LRP6,WNT agonist,WNT antagonist,WNT activation receptor,WNT inhibition receptor
WNT,WNT8B,FZD6_LRP6,WNT agonist,WNT antagonist,WNT activation receptor,WNT inhibition receptor
WNT,WNT8B,FZD7_LRP6,WNT agonist,WNT antagonist,WNT activation receptor,WNT inhibition receptor
WNT,WNT8B,FZD8_LRP6,WNT agonist,WNT antagonist,WNT activation receptor,WNT inhibition receptor
WNT,WNT8B,FZD9_LRP6,WNT agonist,WNT antagonist,WNT activation receptor,WNT inhibition receptor
WNT,WNT9A,FZD1_LRP6,WNT agonist,WNT antagonist,WNT activation receptor,WNT inhibition receptor
WNT,WNT9A,FZD10_LRP6,WNT agonist,WNT antagonist,WNT activation receptor,WNT inhibition receptor
WNT,WNT9A,FZD2_LRP6,WNT agonist,WNT antagonist,WNT activation receptor,WNT inhibition receptor
WNT,WNT9A,FZD3_LRP6,WNT agonist,WNT antagonist,WNT activation receptor,WNT inhibition receptor
WNT,WNT9A,FZD4_LRP6,WNT agonist,WNT antagonist,WNT activation receptor,WNT inhibition receptor
WNT,WNT9A,FZD5_LRP6,WNT agonist,WNT antagonist,WNT activation receptor,WNT inhibition receptor
WNT,WNT9A,FZD6_LRP6,WNT agonist,WNT antagonist,WNT activation receptor,WNT inhibition receptor
WNT,WNT9A,FZD7_LRP6,WNT agonist,WNT antagonist,WNT activation receptor,WNT inhibition receptor
WNT,WNT9A,FZD8_LRP6,WNT agonist,WNT antagonist,WNT activation receptor,WNT inhibition receptor
WNT,WNT9A,FZD9_LRP6,WNT agonist,WNT antagonist,WNT activation receptor,WNT inhibition receptor
WNT,WNT9B,FZD1_LRP6,WNT agonist,WNT antagonist,WNT activation receptor,WNT inhibition receptor
WNT,WNT9B,FZD10_LRP6,WNT agonist,WNT antagonist,WNT activation receptor,WNT inhibition receptor
WNT,WNT9B,FZD2_LRP6,WNT agonist,WNT antagonist,WNT activation receptor,WNT inhibition receptor
WNT,WNT9B,FZD3_LRP6,WNT agonist,WNT antagonist,WNT activation receptor,WNT inhibition receptor
WNT,WNT9B,FZD4_LRP6,WNT agonist,WNT antagonist,WNT activation receptor,WNT inhibition receptor
WNT,WNT9B,FZD5_LRP6,WNT agonist,WNT antagonist,WNT activation receptor,WNT inhibition receptor
WNT,WNT9B,FZD6_LRP6,WNT agonist,WNT antagonist,WNT activation receptor,WNT inhibition receptor
WNT,WNT9B,FZD7_LRP6,WNT agonist,WNT antagonist,WNT activation receptor,WNT inhibition receptor
WNT,WNT9B,FZD8_LRP6,WNT agonist,WNT antagonist,WNT activation receptor,WNT inhibition receptor
WNT,WNT9B,FZD9_LRP6,WNT agonist,WNT antagonist,WNT activation receptor,WNT inhibition receptor
ncWNT,WNT5A,FZD1,,,ncWNT activation receptor,
ncWNT,WNT5A,FZD10,,,ncWNT activation receptor,
ncWNT,WNT5A,FZD2,,,ncWNT activation receptor,
ncWNT,WNT5A,FZD3,,,ncWNT activation receptor,
ncWNT,WNT5A,FZD4,,,ncWNT activation receptor,
ncWNT,WNT5A,FZD5,,,ncWNT activation receptor,
ncWNT,WNT5A,FZD6,,,ncWNT activation receptor,
ncWNT,WNT5A,FZD7,,,ncWNT activation receptor,
ncWNT,WNT5A,FZD8,,,ncWNT activation receptor,
ncWNT,WNT5A,FZD9,,,ncWNT activation receptor,
ncWNT,WNT5A,MCAM,,,,
ncWNT,WNT5B,FZD1,,,ncWNT activation receptor,
ncWNT,WNT5B,FZD10,,,ncWNT activation receptor,
ncWNT,WNT5B,FZD2,,,ncWNT activation receptor,
ncWNT,WNT5B,FZD3,,,ncWNT activation receptor,
ncWNT,WNT5B,FZD4,,,ncWNT activation receptor,
ncWNT,WNT5B,FZD5,,,ncWNT activation receptor,
ncWNT,WNT5B,FZD6,,,ncWNT activation receptor,
ncWNT,WNT5B,FZD7,,,ncWNT activation receptor,
ncWNT,WNT5B,FZD8,,,ncWNT activation receptor,
ncWNT,WNT5B,FZD9,,,ncWNT activation receptor,
ncWNT,WNT11,FZD1,,,ncWNT activation receptor,
ncWNT,WNT11,FZD10,,,ncWNT activation receptor,
ncWNT,WNT11,FZD2,,,ncWNT activation receptor,
ncWNT,WNT11,FZD3,,,ncWNT activation receptor,
ncWNT,WNT11,FZD4,,,ncWNT activation receptor,
ncWNT,WNT11,FZD5,,,ncWNT activation receptor,
ncWNT,WNT11,FZD6,,,ncWNT activation receptor,
ncWNT,WNT11,FZD7,,,ncWNT activation receptor,
ncWNT,WNT11,FZD8,,,ncWNT activation receptor,
ncWNT,WNT11,FZD9,,,ncWNT activation receptor,
EGF,EGF,EGFR,,,,
EGF,EGF,EGFR_ERBB2,,,,
EGF,TGFA,EGFR,,,,
EGF,TGFA,EGFR_ERBB2,,,,
EGF,AREG,EGFR,,,,
EGF,AREG,EGFR_ERBB2,,,,
EGF,BTC,EGFR,,,,
EGF,BTC,EGFR_ERBB2,,,,
EGF,BTC,ERBB4,,,,
EGF,BTC,ERBB2_ERBB4,,,,
EGF,HBEGF,EGFR,,,,
EGF,HBEGF,EGFR_ERBB2,,,,
EGF,HBEGF,ERBB4,,,,
EGF,HBEGF,ERBB2_ERBB4,,,,
EGF,EREG,EGFR,,,,
EGF,EREG,EGFR_ERBB2,,,,
EGF,EREG,ERBB4,,,,
EGF,EREG,ERBB2_ERBB4,,,,
NRG,NRG1,ERBB3,,,,
NRG,NRG1,ERBB2_ERBB3,,,,
NRG,NRG1,ERBB4,,,,
NRG,NRG1,ERBB2_ERBB4,,,,
NRG,NRG2,ERBB3,,,,
NRG,NRG2,ERBB2_ERBB3,,,,
NRG,NRG2,ERBB4,,,,
NRG,NRG2,ERBB2_ERBB4,,,,
NRG,NRG3,ERBB4,,,,
NRG,NRG3,ERBB2_ERBB4,,,,
NRG,NRG4,ERBB4,,,,
NRG,NRG4,ERBB2_ERBB4,,,,
NRG,NRG1,ITGAV_ITGB3,,,,
FGF,FGF1,FGFR1,,,,FGF inhibition receptor
FGF,FGF1,FGFR2,,,,FGF inhibition receptor
FGF,FGF1,FGFR3,,,,FGF inhibition receptor
FGF,FGF1,FGFR4,,,,FGF inhibition receptor
FGF,FGF2,FGFR1,,,,FGF inhibition receptor
FGF,FGF2,FGFR2,,,,FGF inhibition receptor
FGF,FGF2,FGFR3,,,,FGF inhibition receptor
FGF,FGF2,FGFR4,,,,FGF inhibition receptor
FGF,FGF4,FGFR1,,,,FGF inhibition receptor
FGF,FGF4,FGFR2,,,,FGF inhibition receptor
FGF,FGF4,FGFR3,,,,FGF inhibition receptor
FGF,FGF4,FGFR4,,,,FGF inhibition receptor
FGF,FGF5,FGFR1,,,,FGF inhibition receptor
FGF,FGF5,FGFR2,,,,FGF inhibition receptor
FGF,FGF5,FGFR3,,,,FGF inhibition receptor
FGF,FGF5,FGFR4,,,,FGF inhibition receptor
FGF,FGF6,FGFR1,,,,FGF inhibition receptor
FGF,FGF6,FGFR2,,,,FGF inhibition receptor
FGF,FGF6,FGFR3,,,,FGF inhibition receptor
FGF,FGF6,FGFR4,,,,FGF inhibition receptor
FGF,FGF7,FGFR1,,,,FGF inhibition receptor
FGF,FGF7,FGFR2,,,,FGF inhibition receptor
FGF,FGF3,FGFR1,,,,FGF inhibition receptor
FGF,FGF3,FGFR2,,,,FGF inhibition receptor
FGF,FGF10,FGFR1,,,,FGF inhibition receptor
FGF,FGF10,FGFR2,,,,FGF inhibition receptor
FGF,FGF22,FGFR2,,,,FGF inhibition receptor
FGF,FGF8,FGFR1,,,,FGF inhibition receptor
FGF,FGF8,FGFR2,,,,FGF inhibition receptor
FGF,FGF8,FGFR3,,,,FGF inhibition receptor
FGF,FGF8,FGFR4,,,,FGF inhibition receptor
FGF,FGF17,FGFR1,,,,FGF inhibition receptor
FGF,FGF17,FGFR2,,,,FGF inhibition receptor
FGF,FGF17,FGFR3,,,,FGF inhibition receptor
FGF,FGF17,FGFR4,,,,FGF inhibition receptor
FGF,FGF18,FGFR1,,,,FGF inhibition receptor
FGF,FGF18,FGFR2,,,,FGF inhibition receptor
FGF,FGF18,FGFR3,,,,FGF inhibition receptor
FGF,FGF18,FGFR4,,,,FGF inhibition receptor
FGF,FGF9,FGFR1,,,,FGF inhibition receptor
FGF,FGF9,FGFR2,,,,FGF inhibition receptor
FGF,FGF9,FGFR3,,,,FGF inhibition receptor
FGF,FGF9,FGFR4,,,,FGF inhibition receptor
FGF,FGF20,FGFR1,,,,FGF inhibition receptor
FGF,FGF20,FGFR2,,,,FGF inhibition receptor
FGF,FGF20,FGFR3,,,,FGF inhibition receptor
FGF,FGF20,FGFR4,,,,FGF inhibition receptor
FGF,FGF16,FGFR1,,,,FGF inhibition receptor
FGF,FGF16,FGFR2,,,,FGF inhibition receptor
FGF,FGF16,FGFR3,,,,FGF inhibition receptor
FGF,FGF16,FGFR4,,,,FGF inhibition receptor
FGF,FGF19,FGFR1,,,FGF activation receptor 2,
FGF,FGF19,FGFR2,,,FGF activation receptor 2,
FGF,FGF19,FGFR3,,,FGF activation receptor 2,
FGF,FGF19,FGFR4,,,FGF activation receptor 2,
FGF,FGF21,FGFR1,,,FGF activation receptor 2,
FGF,FGF21,FGFR3,,,FGF activation receptor 2,
FGF,FGF23,FGFR1,,,FGF activation receptor 3,
FGF,FGF23,FGFR3,,,FGF activation receptor 3,
FGF,FGF23,FGFR4,,,FGF activation receptor 3,
PDGF,PDGFA,PDGFRA,,PDGF antagonist,,
PDGF,PDGFA,PDGFRB,,PDGF antagonist,,
PDGF,PDGFB,PDGFRA,,PDGF antagonist,,
PDGF,PDGFB,PDGFRB,,PDGF antagonist,,
PDGF,PDGFC,PDGFRA,,PDGF antagonist,,
PDGF,PDGFD,PDGFRB,,PDGF antagonist,,
VEGF,VEGFA,FLT1,,,,
VEGF,VEGFA,KDR,,,VEGF activation receptor,
VEGF,VEGFB,FLT1,,,,
VEGF,VEGFC,FLT4,,,,
VEGF,VEGFC,KDR,,,VEGF activation receptor,
VEGF,VEGFD,FLT4,,,,
VEGF,VEGFD,KDR,,,VEGF activation receptor,
VEGF,PGF,FLT1,,,,
VEGF,VEGFA,FLT1_KDR,,,VEGF activation receptor,
VEGF,VEGFC,FLT4_KDR,,,VEGF activation receptor,
VEGF,VEGFD,FLT4_KDR,,,VEGF activation receptor,
IGF,IGF1,IGF1R,,IGF antagonist,,
IGF,IGF2,IGF1R,,IGF antagonist,,
IGF,IGF2,IGF2R,,IGF antagonist,,
IGF,IGF1,ITGAV_ITGB3,,IGF antagonist,,
IGF,IGF1,ITGA6_ITGB4,,IGF antagonist,,
IGF,IGF2,ITGAV_ITGB3,,IGF antagonist,,
IGF,IGF2,ITGA6_ITGB4,,IGF antagonist,,
IGF,IGFL3,IGFLR1,,IGF antagonist,,
INSULIN,INS,INSR,INSULIN agonist,,,INSULIN inhibition receptor
APELIN,APLN,APLNR,,,,
HH,DHH,PTCH1_SMO,,,HH activation receptor,HH inhibition receptor
HH,IHH,PTCH1_SMO,,,HH activation receptor,HH inhibition receptor
HH,SHH,PTCH1_SMO,,,HH activation receptor,HH inhibition receptor
HH,DHH,PTCH2_SMO,,,HH activation receptor,HH inhibition receptor
HH,IHH,PTCH2_SMO,,,HH activation receptor,HH inhibition receptor
HH,SHH,PTCH2_SMO,,,HH activation receptor,HH inhibition receptor
CCL,CCL5,CCR1,,,,
CCL,CCL3,CCR1,,,,
CCL,CCL3L1,CCR1,,,,
CCL,CCL3L3,CCR1,,,,
CCL,CCL8,CCR1,,,,
CCL,CCL7,CCR1,,,,
CCL,CCL13,CCR1,,,,
CCL,CCL14,CCR1,,,,
CCL,CCL15,CCR1,,,,
CCL,CCL16,CCR1,,,,
CCL,CCL23,CCR1,,,,
CCL,CCL8,CCR2,,,,
CCL,CCL7,CCR2,,,,
CCL,CCL2,CCR2,,,,
CCL,CCL27,CCR2,,,,
CCL,CCL5,CCR3,,,,
CCL,CCL7,CCR3,,,,
CCL,CCL11,CCR3,,,,
CCL,CCL24,CCR3,,,,
CCL,CCL26,CCR3,,,,
CCL,CCL28,CCR3,,,,
CCL,CCL27,CCR3,,,,
CCL,CCL17,CCR4,,,,
CCL,CCL22,CCR4,,,,
CCL,CCL5,CCR4,,,,
CCL,CCL4,CCR5,,,,
CCL,CCL5,CCR5,,,,
CCL,CCL3,CCR5,,,,
CCL,CCL20,CCR6,,,,
CCL,CCL19,CCR7,,,,
CCL,CCL21,CCR7,,,,
CCL,CCL19,ACKR4,,,,
CCL,CCL21,ACKR4,,,,
CCL,CCL1,CCR8,,,,
CCL,CCL25,CCR9,,,,
CCL,CCL25,ACKR4,,,,
CCL,CCL28,CCR10,,,,
CCL,CCL27,CCR10,,,,
CCL,CCL1,ACKR4,,,,
CCL,CCL13,ACKR4,,,,
CCL,CCL8,ACKR4,,,,
CCL,CCL1,ACKR1,,,,
CCL,CCL2,ACKR1,,,,
CCL,CCL5,ACKR1,,,,
CCL,CCL8,ACKR1,,,,
CCL,CCL13,ACKR1,,,,
CCL,CCL14,ACKR1,,,,
CCL,CCL16,ACKR1,,,,
CCL,CCL18,ACKR1,,,,
CXCL,CXCL1,ACKR1,,,,
CXCL,CXCL2,ACKR1,,,,
CXCL,CXCL3,ACKR1,,,,
CXCL,CXCL5,ACKR1,,,,
CXCL,CXCL6,ACKR1,,,,
CXCL,CXCL8,ACKR1,,,,
CXCL,CXCL9,ACKR1,,,,
CXCL,CXCL10,ACKR1,,,,
CXCL,CXCL11,ACKR1,,,,
CXCL,CXCL13,ACKR1,,,,
CCL,CCL2,ACKR2,,,,
CCL,CCL3,ACKR2,,,,
CCL,CCL3L1,ACKR2,,,,
CCL,CCL4,ACKR2,,,,
CCL,CCL5,ACKR2,,,,
CCL,CCL7,ACKR2,,,,
CCL,CCL8,ACKR2,,,,
CCL,CCL7,ACKR1,,,,
CCL,CCL11,ACKR1,,,,
CCL,CCL11,ACKR2,,,,
CCL,CCL13,ACKR2,,,,
CCL,CCL22,ACKR2,,,,
CCL,CCL24,ACKR2,,,,
CCL,CCL26,ACKR2,,,,
CCL,CCL17,ACKR1,,,,
CCL,CCL14,ACKR2,,,,
CCL,CCL17,ACKR2,,,,
CXCL,CXCL1,CXCR1,,,,
CXCL,CXCL2,CXCR1,,,,
CXCL,CXCL3,CXCR1,,,,
CXCL,CXCL5,CXCR1,,,,
CXCL,CXCL6,CXCR1,,,,
CXCL,CXCL8,CXCR1,,,,
CXCL,CXCL1,CXCR2,,,,
CXCL,CXCL2,CXCR2,,,,
CXCL,CXCL3,CXCR2,,,,
CXCL,CXCL5,CXCR2,,,,
CXCL,CXCL6,CXCR2,,,,
CXCL,CXCL8,CXCR2,,,,
CXCL,PPBP,CXCR2,,,,
CXCL,PF4V1,CXCR3,,,,
CXCL,CXCL9,CXCR3,,,,
CXCL,CXCL10,CXCR3,,,,
CXCL,CXCL11,CXCR3,,,,
CXCL,CXCL13,CXCR3,,,,
CXCL,PF4,CXCR3,,,,
CXCL,CXCL12,CXCR4,,,,
CXCL,CXCL11,ACKR3,,,,
CXCL,CXCL12,ACKR3,,,,
CXCL,CXCL13,CXCR5,,,,
CXCL,CXCL16,CXCR6,,,,
MIF,MIF,CD74_CXCR4,,,,
MIF,MIF,CD74_CD44,,,,
MIF,MIF,CD74_CXCR2,,,,
MIF,MIF,ACKR3,,,,
CX3C,CX3CL1,CX3CR1,,,,
XCR,XCL1,XCR1,,,,
XCR,XCL2,XCR1,,,,
IL2,IL2,IL2RA_IL2RB_IL2RG,,,,
IL2,IL2,IL2RB_IL2RG,,,,
IL2,IL4,IL4R_IL2RG,,,,
IL2,IL7,IL7R_IL2RG,,,,
IL2,IL9,IL9R_IL2RG,,,,
IL2,IL15,IL15RA_IL2RB,,,,
IL2,IL21,IL21R_IL2RG,,,,
IL2,TSLP,IL7R_CRLF2,,,,
IL4,IL3,IL3RA_CSF2RB,,,,
IL4,IL5,IL5RA_CSF2RB,,,,
IL4,CSF2,CSF2RA_CSF2RB,,,,
IL4,IL4,IL4R,,,,
IL4,IL4,IL4R_IL13RA1,,,,
IL4,IL4,IL4R_IL13RA2,,,,
IL4,IL13,IL4R_IL13RA1,,,,
IL4,IL13,IL4R_IL13RA2,,,,
IL4,IL13,IL13RA1,,,,
IL4,IL13,IL13RA2,,,,
IL6,IL6,IL6R_IL6ST,,,,
IL6,IL11,IL11R complex,,,,
IL12,IL12AB,IL12RB1_IL12RB2,,,,
IL12,IL23 complex,IL23R_IL12RB1,,,,
IL12,IL27 complex,IL27RA_IL6ST,,,,
IL6,IL31,IL31RA_OSMR,,,,
LIFR,CNTF,CNTFR_LIFR,,,,
LIFR,CLCF1,CNTFR_LIFR,,,,
LIFR,CTF1,LIFR_IL6ST,,,,
LIFR,LIF,LIFR_IL6ST,,,,
OSM,OSM,LIFR_IL6ST,,,,
OSM,OSM,OSMR_IL6ST,,,,
IL10,IL10,IL10RA_IL10RB,,,,
IL10,IL19,IL20RA_IL20RB,,,,
IL10,IL20,IL20RA_IL20RB,,,,
IL10,IL24,IL20RA_IL20RB,,,,
IL10,IL20,IL22RA1_IL20RB,,,,
IL10,IL24,IL22RA1_IL20RB,,,,
IL10,IL22,IL22RA1_IL10RB,,,,
IL10,IL26,IL20RA_IL10RB,,,,
IL1,IL1A,IL1R1_IL1RAP,,IL antagonist,,
IL1,IL1B,IL1R1_IL1RAP,,IL antagonist,,
IL1,IL1A,IL1R2,,,,
IL1,IL1B,IL1R2,,,,
IL1,IL36RN,IL1RL2_IL1RAP,,,,
IL1,IL36A,IL1RL2_IL1RAP,,,,
IL1,IL36B,IL1RL2_IL1RAP,,,,
IL1,IL36G,IL1RL2_IL1RAP,,,,
IL1,IL1F10,IL1RL2_IL1RAP,,,,
IL1,IL37,IL18R1_IL18RAP,,,,
IL1,IL18,IL18R1_IL18RAP,,,,
IL1,IL33,IL1RL1_IL1RAP,,,,
IL17,IL17A,IL17RA_IL17RC,,,,
IL17,IL17F,IL17RA_IL17RC,,,,
IL17,IL17AF,IL17RA_IL17RC,,,,
IL17,IL17B,IL17RB,,,,
IL17,IL17C,IL17RA_IL17RE,,,,
IL17,IL25,IL17RA_IL17RB,,,,
CSF,IL34,CSF1R,,,,
CSF,CSF1,CSF1R,,,,
IL16,IL16,CD4,,,,
EPO,EPO,EPOR,,,,
GH,GH1,GHR,,,,
PRL,PRL,PRLR,,,,
THPO,THPO,MPL,,,,
CSF3,CSF3,CSF3R,,,,
IFN-I,IFNB1,IFNAR1_IFNAR2,,,,
IFN-I,IFNW1,IFNAR1_IFNAR2,,,,
IFN-I,IFNK,IFNAR1_IFNAR2,,,,
IFN-I,IFNE,IFNAR1_IFNAR2,,,,
IFN-I,IFNA1,IFNAR1_IFNAR2,,,,
IFN-I,IFNA2,IFNAR1_IFNAR2,,,,
IFN-I,IFNA4,IFNAR1_IFNAR2,,,,
IFN-I,IFNA5,IFNAR1_IFNAR2,,,,
IFN-I,IFNA6,IFNAR1_IFNAR2,,,,
IFN-I,IFNA7,IFNAR1_IFNAR2,,,,
IFN-I,IFNA8,IFNAR1_IFNAR2,,,,
IFN-I,IFNA10,IFNAR1_IFNAR2,,,,
IFN-I,IFNA13,IFNAR1_IFNAR2,,,,
IFN-I,IFNA14,IFNAR1_IFNAR2,,,,
IFN-I,IFNA16,IFNAR1_IFNAR2,,,,
IFN-I,IFNA17,IFNAR1_IFNAR2,,,,
IFN-I,IFNA21,IFNAR1_IFNAR2,,,,
IFN-II,IFNG,IFNGR1_IFNGR2,,,,
TNF,TNF,TNFRSF1A,,,,
TNF,TNF,TNFRSF1B,,,,
LT,LTA,TNFRSF1A,,,,
LT,LTA,TNFRSF1B,,,,
LT,LTA,TNFRSF14,,,,
LT,LTa1b2,LTBR,,,,
LIGHT,TNFSF14,LTBR,,,,
LIGHT,TNFSF14,TNFRSF14,,,,
FASLG,FASLG,FAS,,,,
VEGI,TNFSF15,TNFRSF25,,,,
TRAIL,TNFSF10,TNFRSF10A,,,,
EDA,EDA,EDAR,,,,
EDA,EDA,EDA2R,,,,
NGF,NGF,NGFR,,,,
NGF,KLK3,NGFR,,,,
RANKL,TNFSF11,TNFRSF11A,,,,
RANKL,TNFSF11,TNFRSF11B,,,,
TWEAK,TNFSF12,TNFRSF12A,,,,
CD70,CD70,CD27,,,,
CD30,TNFSF8,TNFRSF8,,,,
CD137,TNFSF9,TNFRSF9,,,,
OX40,TNFSF4,TNFRSF4,,,,
GITRL,TNFSF18,TNFRSF18,,,,
APRIL,TNFSF13,TNFRSF17,,,,
APRIL,TNFSF13,TNFRSF13B,,,,
BAFF,TNFSF13B,TNFRSF17,,,,
BAFF,TNFSF13B,TNFRSF13B,,,,
BAFF,TNFSF13B,TNFRSF13C,,,,
CD40,CD40LG,ITGA2B_ITGB3,,,,
CD40,CD40LG,ITGA5_ITGB1,,,,
CD40,CD40LG,ITGAM_ITGB2,,,,
SPP1,SPP1,CD44,,,,
SPP1,SPP1,ITGAV_ITGB3,,,,
SPP1,SPP1,ITGAV_ITGB1,,,,
SPP1,SPP1,ITGAV_ITGB5,,,,
SPP1,SPP1,ITGAV_ITGB6,,,,
SPP1,SPP1,ITGA4_ITGB1,,,,
SPP1,SPP1,ITGA9_ITGB1,,,,
SPP1,SPP1,ITGA8_ITGB1,,,,
SPP1,SPP1,ITGA5_ITGB1,,,,
ADIPONECTIN,ADIPOQ,ADIPOR1,,,,
ADIPONECTIN,ADIPOQ,ADIPOR2,,,,
RESISTIN,RETN,TLR4,,,,
RESISTIN,RETN,CAP1,,,,
VISFATIN,NAMPT,INSR,,,,
VISFATIN,NAMPT,ITGA5_ITGB1,,,,
ANGPTL,ANGPTL1,ITGA1_ITGB1,,,,
ANGPTL,ANGPTL2,ITGA5_ITGB1,,,,
ANGPTL,ANGPTL2,TLR4,,,,
ANGPTL,ANGPTL2,LILRB3,,,,
ANGPTL,ANGPTL1,LILRB3,,,,
ANGPTL,ANGPTL7,LILRB3,,,,
ANGPTL,ANGPTL4,ITGA5_ITGB1,,,,
ANGPTL,ANGPTL4,ITGAV_ITGB3,,,,
ANGPTL,ANGPTL4,CDH5,,,,
ANGPTL,ANGPTL4,CDH11,,,,
ANGPTL,ANGPTL4,SDC1,,,,
ANGPTL,ANGPTL4,SDC2,,,,
ANGPTL,ANGPTL4,SDC3,,,,
ANGPTL,ANGPTL4,SDC4,,,,
ANGPTL,ANGPTL3,ITGAV_ITGB3,,,,
ANGPT,ANGPT1,TEK,,,,ANGPT inhibition receptor 1
ANGPT,ANGPT2,TEK,,,,ANGPT inhibition receptor 1
ANGPT,ANGPT2,ITGA5_ITGB1,,,,ANGPT inhibition receptor 2
MK,MDK,SDC1,,,,
MK,MDK,SDC2,,,,
MK,MDK,SDC4,,,,
MK,MDK,PTPRZ1,,,,
MK,MDK,ITGA4_ITGB1,,,,
MK,MDK,ITGA6_ITGB1,,,,
MK,MDK,LRP1,,,,
MK,MDK,NCL,,,,
MK,MDK,ALK,,,,
PTN,PTN,PTPRZ1,,,,
PTN,PTN,SDC1,,,,
PTN,PTN,SDC2,,,,
PTN,PTN,SDC3,,,,
PTN,PTN,SDC4,,,,
PTN,PTN,ITGAV_ITGB3,,,,
PTN,PTN,NCL,,,,
PTN,PTN,ALK,,,,
PERIOSTIN,POSTN,ITGAV_ITGB3,,,,
PERIOSTIN,POSTN,ITGAV_ITGB5,,,,
AGT,AGT,AGTR1,,,,
GPR,GRP,GRPR,,,,
GPR,NMB,NMBR,,,,
BRADYKININ,KNG1,BDKRB1,,,,
BRADYKININ,KNG1,BDKRB2,,,,
COMPLEMENT,C3,C3AR1,,,,
COMPLEMENT,C3,CR2,,,,
COMPLEMENT,C3,ITGAM_ITGB2,,,,
COMPLEMENT,C3,ITGAX_ITGB2,,,,
COMPLEMENT,C4A,C3AR1,,,,
COMPLEMENT,C4A,CR2,,,,
COMPLEMENT,C5,C5AR1,,,,
CCK,CCK,CCKAR,,,,
CCK,CCK,CCKBR,,,,
EDN,EDN1,EDNRA,,,,
EDN,EDN2,EDNRA,,,,
EDN,EDN3,EDNRA,,,,
EDN,EDN1,EDNRB,,,,
EDN,EDN2,EDNRB,,,,
EDN,EDN3,EDNRB,,,,
GALANIN,GAL,GALR1,,,,
GALANIN,GAL,GALR2,,,,
GALANIN,GAL,GALR3,,,,
GALANIN,GALP,GALR1,,,,
GALANIN,GALP,GALR2,,,,
GHRELIN,GHRL,GHSR,,GHRL antagonist,,
KISS1,KISS1,KISS1R,,,,
MELANOCORTIN,POMC,MC1R,,,,
MELANOCORTIN,POMC,MC2R,,,,
MELANOCORTIN,POMC,MC3R,,POMC antagonist,,
MELANOCORTIN,POMC,MC4R,,POMC antagonist,,
MELANOCORTIN,POMC,MC5R,,,,
NMU,NMU,NMUR1,,,,
NMU,NMU,NMUR2,,,,
NMU,NMS,NMUR1,,,,
NMU,NMS,NMUR2,,,,
NPFF,NPFF,NPFFR1,,,,
NPFF,NPFF,NPFFR2,,,,
NPY,NPY,NPY1R,,,,
NPY,NPY,NPY2R,,,,
NPY,NPY,NPY4R,,,,
NPY,NPY,NPY5R,,,,
NPY,NPY,NPY6R,,,,
NPY,NPY,GPR83,,,,
NPY,PPY,NPY1R,,,,
NPY,PPY,NPY2R,,,,
NPY,PPY,NPY4R,,,,
NPY,PPY,NPY5R,,,,
NPY,PPY,NPY6R,,,,
NPY,PPY,GPR83,,,,
NPY,PYY,NPY1R,,,,
NPY,PYY,NPY2R,,,,
NPY,PYY,NPY4R,,,,
NPY,PYY,NPY5R,,,,
NPY,PYY,NPY6R,,,,
NPY,PYY,GPR83,,,,
NPW-B,NPB,NPBWR1,,,,
NPW-B,NPW,NPBWR1,,,,
NTS,NTS,NTSR1,,,,
NTS,NTS,NTSR2,,,,
OPIOID,PDYN,OPRD1,,,,
OPIOID,PDYN,OPRK1,,,,
OPIOID,PDYN,OPRL1,,,,
OPIOID,PDYN,OPRM1,,,,
OPIOID,PENK,OPRD1,,,,
OPIOID,PENK,OPRK1,,,,
OPIOID,PENK,OPRL1,,,,
OPIOID,PENK,OPRM1,,,,
OPIOID,POMC,OPRD1,,,,
OPIOID,POMC,OPRK1,,,,
OPIOID,POMC,OPRL1,,,,
OPIOID,POMC,OPRM1,,,,
HCRT,HCRT,HCRTR1,,,,
HCRT,HCRT,HCRTR2,,,,
OXT,OXT,OXTR,,,,
SOMATOSTATIN,SST,SSTR1,,,,
SOMATOSTATIN,SST,SSTR2,,,,
SOMATOSTATIN,SST,SSTR3,,,,
SOMATOSTATIN,SST,SSTR4,,,,
SOMATOSTATIN,SST,SSTR5,,,,
SOMATOSTATIN,CORT,SSTR1,,,,
SOMATOSTATIN,CORT,SSTR2,,,,
SOMATOSTATIN,CORT,SSTR3,,,,
SOMATOSTATIN,CORT,SSTR4,,,,
SOMATOSTATIN,CORT,SSTR5,,,,
TAC,TAC1,TACR1,,,,
TAC,TAC4,TACR1,,,,
TAC,TAC1,TACR2,,,,
TAC,TAC3,TACR3,,,,
UTS2,UTS2,UTS2R,,,,
AVP,AVP,AVPR2,,,,
AVP,AVP,AVPR1A,,,,
AVP,AVP,AVPR1B,,,,
PRLH,PRLH,PRLHR,,,,
PARs,PRSS3,F2R,,,,
PARs,CTSG,F2R,,,,
PARs,F2,F2R,,,,
PARs,PLG,F2R,,,,
PARs,GZMA,F2R,,,,
PARs,PRSS2,F2R,,,,
PARs,PRSS1,F2R,,,,
PARs,PRSS3,F2RL1,,,,
PARs,CTSG,F2RL1,,,,
PARs,F2,F2RL1,,,,
PARs,PLG,F2RL1,,,,
PARs,GZMA,F2RL1,,,,
PARs,PRSS2,F2RL1,,,,
PARs,PRSS1,F2RL1,,,,
PARs,PRSS3,F2RL2,,,,
PARs,CTSG,F2RL2,,,,
PARs,F2,F2RL2,,,,
PARs,PLG,F2RL2,,,,
PARs,GZMA,F2RL2,,,,
PARs,PRSS2,F2RL2,,,,
PARs,PRSS1,F2RL2,,,,
PARs,PRSS3,F2RL3,,,,
PARs,CTSG,F2RL3,,,,
PARs,F2,F2RL3,,,,
PARs,GZMA,F2RL3,,,,
PARs,PLG,F2RL3,,,,
PARs,PRSS2,F2RL3,,,,
PARs,PRSS1,F2RL3,,,,
PARs,PRSS3,PARD3,,,,
PARs,CTSG,PARD3,,,,
PARs,F2,PARD3,,,,
PARs,GZMA,PARD3,,,,
PARs,PLG,PARD3,,,,
PARs,PRSS2,PARD3,,,,
PARs,PRSS1,PARD3,,,,
PMCH,PMCH,MCHR1,,,,
PROK,PROK1,PROKR2,,,,
PROK,PROK1,PROKR1,,,,
PROK,PROK2,PROKR1,,,,
PROK,PROK2,PROKR2,,,,
PACAP,ADCYAP1,ADCYAP1R1,,,,
VIP,VIP,VIPR1,,,,
VIP,VIP,VIPR2,,,,
NPR1,NPPA,NPR1,,,,
NPR1,NPPB,NPR1,,,,
NPR2,NPPC,NPR2,,,,
KIT,KITLG,KIT,,,,
GIPR,GCG,GIPR,,,,
GIPR,GIP,GIPR,,,,
FSH,FSHB,FSHR,,,,
FSH,CGA,FSHR,,,,
LHB,LHB,LHCGR,,,,
LHB,CGA,LHCGR,,,,
TSH,TSHB,TSHR,,,,
TSH,CGA,TSHR,,,,
NT,BDNF,NTRK2,,,NGFR activation receptor,
NT,NGF,NTRK1,,,NGFR activation receptor,
FLT3,FLT3LG,FLT3,,,,
HGF,HGF,MET,,,,
NT,KLK3,NTRK1,,,NGFR activation receptor,
NT,NTF3,NTRK1,,,NGFR activation receptor,
NT,NTF3,NTRK2,,,NGFR activation receptor,
NT,NTF3,NTRK3,,,NGFR activation receptor,
NT,NTF4,NTRK2,,,NGFR activation receptor,
SEMA3,SEMA3A,NRP1_PLXNA1,,,,
SEMA3,SEMA3A,NRP1_PLXNA2,,,,
SEMA3,SEMA3A,NRP1_PLXNA3,,,,
SEMA3,SEMA3A,NRP1_PLXNA4,,,,
SEMA3,SEMA3B,NRP1_PLXNA1,,,,
SEMA3,SEMA3B,NRP1_PLXNA2,,,,
SEMA3,SEMA3B,NRP1_PLXNA3,,,,
SEMA3,SEMA3B,NRP1_PLXNA4,,,,
SEMA3,SEMA3C,NRP1_PLXNA1,,,,
SEMA3,SEMA3C,NRP1_PLXNA2,,,,
SEMA3,SEMA3C,NRP1_PLXNA3,,,,
SEMA3,SEMA3C,NRP1_PLXNA4,,,,
SEMA3,SEMA3D,NRP1_PLXNA1,,,,
SEMA3,SEMA3D,NRP1_PLXNA2,,,,
SEMA3,SEMA3D,NRP1_PLXNA3,,,,
SEMA3,SEMA3D,NRP1_PLXNA4,,,,
SEMA3,SEMA3B,NRP2_PLXNA1,,,,
SEMA3,SEMA3B,NRP2_PLXNA2,,,,
SEMA3,SEMA3B,NRP2_PLXNA3,,,,
SEMA3,SEMA3B,NRP2_PLXNA4,,,,
SEMA3,SEMA3C,NRP2_PLXNA1,,,,
SEMA3,SEMA3C,NRP2_PLXNA2,,,,
SEMA3,SEMA3C,NRP2_PLXNA3,,,,
SEMA3,SEMA3C,NRP2_PLXNA4,,,,
SEMA3,SEMA3D,NRP2_PLXNA1,,,,
SEMA3,SEMA3D,NRP2_PLXNA2,,,,
SEMA3,SEMA3D,NRP2_PLXNA3,,,,
SEMA3,SEMA3D,NRP2_PLXNA4,,,,
SEMA3,SEMA3F,NRP2_PLXNA1,,,,
SEMA3,SEMA3F,NRP2_PLXNA2,,,,
SEMA3,SEMA3F,NRP2_PLXNA3,,,,
SEMA3,SEMA3F,NRP2_PLXNA4,,,,
SEMA3,SEMA3G,NRP2_PLXNA1,,,,
SEMA3,SEMA3G,NRP2_PLXNA2,,,,
SEMA3,SEMA3G,NRP2_PLXNA3,,,,
SEMA3,SEMA3G,NRP2_PLXNA4,,,,
SEMA3,SEMA3C,NRP1_NRP2,,,,
SEMA3,SEMA3C,PLXND1,,,,
SEMA3,SEMA3E,PLXND1,,,,
CALCR,ADM,CALCR,,,,
CALCR,ADM,CALCRL,,,,
AGT,AGT,MAS1,,,,
ANNEXIN,ANXA1,FPR2,,,,
ANNEXIN,ANXA1,FPR1,,,,
APJ,APELA,APLNR,,,,
CALCR,CALCA,CALCR,,,,
CALCR,CALCA,CALCRL,,,,
CALCR,CALCB,CALCR,,,,
CALCR,CALCB,CALCRL,,,,
CRH,CRH,CRHR1,,,,
CRH,CRH,CRHR2,,,,
ENHO,ENHO,GPR19,,,,
GAS,GAS6,AXL,,,,
GAS,GAS6,MERTK,,,,
GAS,GAS6,TYRO3,,,,
GCG,GCG,GCGR,,,,
GCG,GCG,GLP1R,,,,
GCG,GCG,GLP2R,,,,
GH,GH1,GHR,,,,
GH,GH1,PRLR,,,,
GHRH,GHRH,VIPR1,,,,
GHRH,GHRH,VIPR2,,,,
GHRH,GHRH,GHSR,,,,
GHRH,GHRH,GHRHR,,,,
GNRH,GNRH1,GNRHR,,,,
GRN,GRN,SORT1,,,,
GUCA,GUCA2A,GUCY2C,,,,
GUCA,GUCA2B,GUCY2C,,,,
CALCR,IAPP,CALCR,,,,
CALCR,IAPP,CALCRL,,,,
RLN,INSL3,RXFP2,,,,
RLN,INSL3,RXFP1,,,,
RLN,INSL3,RXFP4,,,,
RLN,INSL3,RXFP3,,,,
RLN,INSL5,RXFP4,,,,
RLN,INSL5,RXFP3,,,,
RLN,INSL5,RXFP2,,,,
RLN,INSL5,RXFP1,,,,
LEP,LEP,LEPR,,,,
GALECTIN,LGALS9,PTPRC,,,,
NPS,NPS,NPSR1,,,,
NPVF,NPVF,NPFFR1,,,,
NPVF,NPVF,NPFFR2,,,,
OSTN,OSTN,NPR3,,,,
PMCH,PMCH,MERTK,,,,
PROS,PROS1,AXL,,,,
PROS,PROS1,TYRO3,,,,
PSAP,PSAP,GPR37L1,,,,
PSAP,PSAP,GPR37,,,,
PTH,PTH,PTH1R,,,,
PTH,PTH,PTH2R,,,,
PTH,PTH2,PTH1R,,,,
PTH,PTH2,PTH2R,,,,
PTH,PTHLH,PTH1R,,,,
QRFP,QRFP,QRFPR,,,,
CHEMERIN,RARRES2,GPR1,,,,
CHEMERIN,RARRES2,CMKLR1,,,,
RLN,RLN1,RXFP2,,,,
RLN,RLN1,RXFP1,,,,
RLN,RLN1,RXFP3,,,,
RLN,RLN1,RXFP4,,,,
RLN,RLN3,RXFP3,,,,
RLN,RLN3,RXFP1,,,,
RLN,RLN3,RXFP4,,,,
RLN,RLN3,RXFP2,,,,
SAA,SAA1,FPR2,,,,
UGRP1,SCGB3A2,MARCO,,,,
SCT,SCT,SCTR,,,,
SLURP,SLURP1,CHRNB1,,,,
SLURP,SLURP1,CHRNB2,,,,
SLURP,SLURP1,CHRNB3,,,,
SLURP,SLURP1,CHRNB4,,,,
SLURP,SLURP1,CHRNA1,,,,
SLURP,SLURP1,CHRNA2,,,,
SLURP,SLURP1,CHRNA3,,,,
SLURP,SLURP1,CHRNA4,,,,
SLURP,SLURP1,CHRNA5,,,,
SLURP,SLURP1,CHRNA6,,,,
SLURP,SLURP1,CHRNA9,,,,
SLURP,SLURP1,CHRNA10,,,,
SLURP,SLURP1,CHRND,,,,
SLURP,SLURP1,CHRNE,,,,
SLURP,SLURP1,CHRNG,,,,
SLURP,SLURP1,CHRNA7,,,,
SLURP,SLURP2,CHRNB1,,,,
SLURP,SLURP2,CHRNB2,,,,
SLURP,SLURP2,CHRNB3,,,,
SLURP,SLURP2,CHRNB4,,,,
SLURP,SLURP2,CHRNA1,,,,
SLURP,SLURP2,CHRNA2,,,,
SLURP,SLURP2,CHRNA3,,,,
SLURP,SLURP2,CHRNA4,,,,
SLURP,SLURP2,CHRNA5,,,,
SLURP,SLURP2,CHRNA6,,,,
SLURP,SLURP2,CHRNA7,,,,
SLURP,SLURP2,CHRNA9,,,,
SLURP,SLURP2,CHRNA10,,,,
SLURP,SLURP2,CHRND,,,,
SLURP,SLURP2,CHRNE,,,,
SLURP,SLURP2,CHRNG,,,,
BTLA,BTLA,TNFRSF14,,,,
TRH,TRH,TRHR,,,,
UCN,UCN,CRHR1,,,,
UCN,UCN,CRHR2,,,,
UCN,UCN2,CRHR1,,,,
UCN,UCN2,CRHR2,,,,
UCN,UCN3,CRHR1,,,,
UCN,UCN3,CRHR2,,,,
UROTENSIN,UTS2B,UTS2R,,,,
UROTENSIN,UTS2B,SSTR5,,,,
BAG,BAG6,NCR3,,,,
GALECTIN,LGALS9,HAVCR2,,,,
GALECTIN,LGALS9,CD44,,,,
ADGRE5,ADGRE5,CD55,,,,
ALCAM,ALCAM,CD6,,,,
ANXA1,ANXA1,FPR2_LXA4,,,,
APP,APP,CD74,,,,
CADM,CADM1,CADM1,,,,
CADM,CADM3,CADM3,,,,
CD22,CD22,PTPRC,,,,
CD226,CD226,NECTIN2,,,,
CD226,CD226,PVR,,,,
CD23,FCER2,ITGAM_ITGB2,,,,
CD23,FCER2,ITGAX_ITGB2,,,,
CD23,FCER2,ITGAV_ITGB3,,,,
CD23,FCER2,CR2,,,,
CD34,CD34,SELP,,,,
CD39,ENTPD1,ADORA1,,,,
CD39,ENTPD1,ADORA2A,,,,
CD39,ENTPD1,ADORA2B,,,,
CD39,ENTPD1,TMIGD3,,,,
CD40,CD40LG,CD40,,,,
CD45,PTPRC,CD22,,,,
CD45,PTPRC,MRC1,,,,
CD46,CD46,JAG1,,,,
CD48,CD48,CD244,,,,
CD6,CD6,ALCAM,,,,
CD80,CD80,CD274,,,,
CD80,CD80,CD28,,,,
CD80,CD80,CTLA4,,,,
CD86,CD86,CD28,,,,
CD86,CD86,CTLA4,,,,
CD96,CD96,NECTIN1,,,,
CD96,CD96,PVR,,,,
CD99,CD99,PILRA,,,,
CD99,CD99,CD99,,,,
CD99,CD99,CD99L2,,,,
CDH,CDH15,CDH15,,,,
CDH,CDH4,CDH4,,,,
CDH,CDH2,CDH2,,,,
CDH,CDH1,CDH1,,,,
CDH1,CDH1,ITGA2_ITGB1,,,,
CDH1,CDH1,ITGAE_ITGB7,,,,
CDH1,CDH1,KLRG1,,,,
CDH5,CDH5,CDH5,,,,
CEACAM,CD1D,CEACAM5,,,,
CEACAM,CD209,CEACAM1,,,,
CEACAM,CD8A,CEACAM5,,,,
CEACAM,CEACAM1,CEACAM5,,,,
CEACAM,SELE,CEACAM1,,,,
CLDN,CLDN11,CLDN11,,,,
CLEC,CLEC2D,KLRB1,,,,
CLEC,CLEC2A,KLRB1,,,,
CLEC,CLEC2B,KLRB1,,,,
CLEC,CD69,KLRB1,,,,
CLEC,CLEC2L,KLRB1,,,,
CLEC,CLEC1B,KLRB1,,,,
CNTN,NFASC,CNTN1_CNTNAP1,,,,
CNTN,CNTN2,CNTN2_CNTNAP2,,,,
CNTN,CNTN2,L1CAM,,,,
CNTN,CNTN2,CNTN2,,,,
CNTN,CNTN1,NRCAM,,,,
CSPG4,CSPG4,ITGA3_ITGB1,,,,
DESMOSOME,DSC1,DSG1,,,,
DESMOSOME,DSC1,DSG2,,,,
DESMOSOME,DSC2,DSG1,,,,
DESMOSOME,DSC2,DSG2,,,,
DESMOSOME,DSG1,DSC3,,,,
DESMOSOME,DSG2,DSC3,,,,
EPGN,EPGN,EGFR,,,,
EPHA,EFNA1,EPHA1,,,,
EPHA,EFNA1,EPHA2,,,,
EPHA,EFNA1,EPHA3,,,,
EPHA,EFNA1,EPHA4,,,,
EPHA,EFNA1,EPHA5,,,,
EPHA,EFNA1,EPHA7,,,,
EPHA,EFNA1,EPHA8,,,,
EPHA,EFNA2,EPHA1,,,,
EPHA,EFNA2,EPHA2,,,,
EPHA,EFNA2,EPHA3,,,,
EPHA,EFNA2,EPHA4,,,,
EPHA,EFNA2,EPHA5,,,,
EPHA,EFNA2,EPHA7,,,,
EPHA,EFNA2,EPHA8,,,,
EPHA,EFNA3,EPHA1,,,,
EPHA,EFNA3,EPHA2,,,,
EPHA,EFNA3,EPHA3,,,,
EPHA,EFNA3,EPHA4,,,,
EPHA,EFNA3,EPHA5,,,,
EPHA,EFNA3,EPHA7,,,,
EPHA,EFNA3,EPHA8,,,,
EPHA,EFNA4,EPHA1,,,,
EPHA,EFNA4,EPHA2,,,,
EPHA,EFNA4,EPHA3,,,,
EPHA,EFNA4,EPHA4,,,,
EPHA,EFNA4,EPHA5,,,,
EPHA,EFNA4,EPHA7,,,,
EPHA,EFNA4,EPHA8,,,,
EPHA,EFNA5,EPHA1,,,,
EPHA,EFNA5,EPHA2,,,,
EPHA,EFNA5,EPHA3,,,,
EPHA,EFNA5,EPHA4,,,,
EPHA,EFNA5,EPHA5,,,,
EPHA,EFNA5,EPHA7,,,,
EPHA,EFNA5,EPHA8,,,,
EPHA,EFNA5,EPHB2,,,,
EPHB,EFNB1,EPHA4,,,,
EPHB,EFNB1,EPHB1,,,,
EPHB,EFNB1,EPHB2,,,,
EPHB,EFNB1,EPHB3,,,,
EPHB,EFNB1,EPHB4,,,,
EPHB,EFNB2,EPHA4,,,,
EPHB,EFNB2,EPHB1,,,,
EPHB,EFNB2,EPHB2,,,,
EPHB,EFNB2,EPHB3,,,,
EPHB,EFNB2,EPHB4,,,,
EPHB,EFNB3,EPHA4,,,,
EPHB,EFNB3,EPHB1,,,,
EPHB,EFNB3,EPHB2,,,,
EPHB,EFNB3,EPHB3,,,,
EPHB,EFNB3,EPHB4,,,,
EPHB,EFNB3,EPHB6,,,,
ESAM,ESAM,ESAM,,,,
GP1BA,GP1BA,ITGAM_ITGB2,,,,
ICAM,ICAM1,ITGAX_ITGB2,,,,
ICAM,ICAM1,ITGAL_ITGB2,,,,
ICAM,ICAM2,ITGAL_ITGB2,,,,
ICAM,ICAM1,ITGAM_ITGB2,,,,
ICAM,ICAM2,ITGAM_ITGB2,,,,
ICAM,ICAM1,ITGAL,,,,
ICAM,ICAM1,SPN,,,,
ICAM,ICAM5,CD209,,,,
ICOS,ICOSLG,ICOS,,,,
ICOS,ICOSLG,CD28,,,,
ICOS,ICOSLG,CTLA4,,,,
ITGB2,ITGB2,CD226,,,,
ITGB2,ITGB2,ICAM1,,,,
ITGB2,ITGB2,ICAM2,,,,
JAM,JAM2,ITGA3_ITGB1,,,,
JAM,JAM2,ITGAV_ITGB1,,,,
JAM,JAM3,ITGAM_ITGB2,,,,
JAM,F11R,ITGAL_ITGB2,,,,
JAM,JAM2,JAM3,,,,
JAM,F11R,F11R,,,,
JAM,F11R,JAM2,,,,
JAM,F11R,JAM3,,,,
JAM,JAM2,F11R,,,,
JAM,JAM2,JAM2,,,,
JAM,JAM3,F11R,,,,
JAM,JAM3,JAM2,,,,
JAM,JAM3,JAM3,,,,
L1CAM,L1CAM,ITGAV_ITGB3,,,,
L1CAM,L1CAM,ITGA4_ITGB7,,,,
L1CAM,L1CAM,L1CAM,,,,
LCK,LCK,CD8 receptor,,,,
MADCAM,MADCAM1,ITGA4_ITGB7,,,,
MAG,MAG,MAG,,,,
MHC-I,HLA-A,CD8A,,,,
MHC-I,HLA-B,CD8A,,,,
MHC-I,HLA-C,CD8A,,,,
MHC-I,HLA-E,CD8A,,,,
MHC-I,HLA-F,CD8A,,,,
MHC-I,HLA-G,CD8A,,,,
MHC-I,HLA-A,CD8B,,,,
MHC-I,HLA-B,CD8B,,,,
MHC-I,HLA-C,CD8B,,,,
MHC-I,HLA-E,CD8B,,,,
MHC-I,HLA-F,CD8B,,,,
MHC-I,HLA-G,CD8B,,,,
MHC-I,HLA-A,CD8B2,,,,
MHC-I,HLA-B,CD8B2,,,,
MHC-I,HLA-C,CD8B2,,,,
MHC-I,HLA-E,CD8B2,,,,
MHC-I,HLA-F,CD8B2,,,,
MHC-I,HLA-G,CD8B2,,,,
MHC-I,HLA-C,KIR2DL1,,,,
MHC-I,HLA-C,KIR2DL2,,,,
MHC-I,HLA-C,KIR2DL3,,,,
MHC-I,HLA-C,KIR2DS1,,,,
MHC-I,HLA-C,KIR2DS4,,,,
MHC-I,HLA-G,LILRB1,,,,
MHC-I,HLA-G,LILRB2,,,,
MHC-I,HLA-F,KIR3DL1,,,,
MHC-I,HLA-F,KIR3DL2,,,,
MHC-I,HLA-B,KIR3DL2,,,,
MHC-I,HLA-C,KIR3DL3,,,,
MHC-I,HLA-E,KLRC1,,,,
MHC-I,HLA-E,KLRC2,,,,
MHC-I,HLA-A,KIR3DL1,,,,
MHC-I,HLA-F,LILRB1,,,,
MHC-I,HLA-E,KLRK1,,,,
MHC-I,HLA-F,KIR3DS1,,,,
MHC-I,HLA-E,CD94:NKG2A,,,,
MHC-I,HLA-E,CD94:NKG2C,,,,
MHC-I,HLA-E,CD94:NKG2E,,,,
MHC-I,ULBP1,KLRK1,,,,
MHC-I,RAET1E,KLRK1,,,,
MHC-I,RAET1G,KLRK1,,,,
MHC-I,RAET1F,KLRK1,,,,
MHC-II,HLA-DPA1,CD4,,,,
MHC-II,HLA-DPB1,CD4,,,,
MHC-II,HLA-DQA1,CD4,,,,
MHC-II,HLA-DMA,CD4,,,,
MHC-II,HLA-DMB,CD4,,,,
MHC-II,HLA-DQA2,CD4,,,,
MHC-II,HLA-DOA,CD4,,,,
MHC-II,HLA-DOB,CD4,,,,
MHC-II,HLA-DQB1,CD4,,,,
MHC-II,HLA-DRA,CD4,,,,
MHC-II,HLA-DRB1,CD4,,,,
MHC-II,HLA-DRB3,CD4,,,,
MHC-II,HLA-DRB4,CD4,,,,
MHC-II,HLA-DRB5,CD4,,,,
MPZ,MPZ,MPZL1,,,,
MPZ,MPZ,MPZ,,,,
MPZ,MPZL1,MPZL1,,,,
NCAM,NCAM1,FGFR1,,,,
NCAM,NCAM1,NCAM1,,,,
NCAM,NCAM1,NCAM2,,,,
NCAM,NCAM1,L1CAM,,,,
NCAM,NCAM2,L1CAM,,,,
NECTIN,NECTIN1,CADM3,,,,
NECTIN,NECTIN1,CD96,,,,
NECTIN,NECTIN1,NECTIN4,,,,
NECTIN,NECTIN3,NECTIN1,,,,
NECTIN,NECTIN3,NECTIN2,,,,
NECTIN,NECTIN3,PVR,,,,
NECTIN,NECTIN3,TIGIT,,,,
NECTIN,NECTIN2,CD226,,,,
NECTIN,NECTIN2,TIGIT,,,,
NECTIN,NECTIN1,NECTIN3,,,,
NEGR,NEGR1,NEGR1,,,,
NGL,LRRC4C,NTNG1,,,,
NGL,LRRC4,NTNG2,,,,
NGL,LRRC4B,PTPRF,,,,
NKG2D,ULBP1,KLRK1_HCST,,,,
NOTCH,DLK1,NOTCH1,,,,
NOTCH,DLK1,NOTCH2,,,,
NOTCH,DLK1,NOTCH3,,,,
NOTCH,DLK1,NOTCH4,,,,
NOTCH,DLL1,NOTCH1,,,,
NOTCH,DLL1,NOTCH3,,,,
NOTCH,DLL1,NOTCH4,,,,
NOTCH,DLL3,NOTCH1,,,,
NOTCH,DLL3,NOTCH2,,,,
NOTCH,DLL3,NOTCH3,,,,
NOTCH,DLL3,NOTCH4,,,,
NOTCH,DLL4,NOTCH1,,,,
NOTCH,DLL4,NOTCH2,,,,
NOTCH,DLL4,NOTCH3,,,,
NOTCH,DLL4,NOTCH4,,,,
NOTCH,JAG1,NOTCH1,,,,
NOTCH,JAG1,NOTCH2,,,,
NOTCH,JAG1,NOTCH3,,,,
NOTCH,JAG1,NOTCH4,,,,
NOTCH,JAG2,NOTCH1,,,,
NOTCH,JAG2,NOTCH2,,,,
NOTCH,JAG2,NOTCH3,,,,
NOTCH,JAG2,NOTCH4,,,,
NOTCH,DLL1,NOTCH2,,,,
NRXN,NRXN1,NLGN1,,,,
NRXN,NRXN1,NLGN2,,,,
NRXN,NRXN1,NLGN3,,,,
NRXN,NRXN2,NLGN1,,,,
NRXN,NRXN2,NLGN2,,,,
NRXN,NRXN2,NLGN3,,,,
NRXN,NRXN3,NLGN1,,,,
NRXN,NRXN3,NLGN2,,,,
NRXN,NRXN3,NLGN3,,,,
OCLN,OCLN,OCLN,,,,
PD-L1,CD274,PDCD1,,,,
PDL2,PDCD1LG2,PDCD1,,,,
PECAM1,PECAM1,PECAM1,,,,
PTPRM,PTPRM,PTPRM,,,,
PVR,PVR,CD226,,,,
PVR,PVR,TIGIT,,,,
SELE,SELE,CD44,,,,
SELE,SELE,GLG1,,,,
SELL,SELL,CD34,,,,
SELL,SELL,PODXL,,,,
SELL,SELL,GLYCAM1,,,,
SELL,SELL,MADCAM1,,,,
SELPLG,SELPLG,SELE,,,,
SELPLG,SELPLG,SELL,,,,
SELPLG,SELPLG,SELP,,,,
SEMA4,SEMA4A,NRP1_PLXNA1,,,,
SEMA4,SEMA4A,NRP1_PLXNA2,,,,
SEMA4,SEMA4A,NRP1_PLXNA3,,,,
SEMA4,SEMA4A,NRP1_PLXNA4,,,,
SEMA4,SEMA4A,PLXNB1,,,,
SEMA4,SEMA4A,PLXNB2,,,,
SEMA4,SEMA4A,PLXNB3,,,,
SEMA4,SEMA4D,PLXNB1,,,,
SEMA4,SEMA4D,PLXNB2,,,,
SEMA4,SEMA4D,PLXNB3,,,,
SEMA4,SEMA4C,PLXNB2,,,,
SEMA4,SEMA4G,PLXNB2,,,,
SEMA4,SEMA4D,CD72,,,,
SEMA5,SEMA5A,PLXNA1,,,,
SEMA5,SEMA5B,PLXNA1,,,,
SEMA5,SEMA5A,PLXNA3,,,,
SEMA5,SEMA5B,PLXNA3,,,,
SEMA5,SEMA5A,PLXNB3,,,,
SEMA6,SEMA6D,PLXNA1_KDR,,,,
SEMA6,SEMA6D,PLXNA1_TREM2,,,,
SEMA6,SEMA6D,PLXNA1,,,,
SEMA6,SEMA6A,PLXNA2,,,,
SEMA6,SEMA6B,PLXNA2,,,,
SEMA6,SEMA6A,PLXNA4,,,,
SEMA6,SEMA6B,PLXNA4,,,,
SEMA7,SEMA7A,ITGB1_ITGA1,,,,
SEMA7,SEMA7A,PLXNC1,,,,
SN,SIGLEC1,SPN,,,,
THY1,THY1,ITGAM_ITGB2,,,,
THY1,THY1,ITGAX_ITGB2,,,,
THY1,THY1,ITGAV_ITGB3,,,,
TIGIT,TIGIT,NECTIN2,,,,
TIGIT,TIGIT,PVR,,,,
VCAM,ITGA4_ITGB1,VCAM1,,,,
VCAM,ITGA9_ITGB1,VCAM1,,,,
VCAM,ITGA4_ITGB7,VCAM1,,,,
VISTA,VSIR,IGSF11,,,,